{"power":[16.226046991694307,15.837166934753489,15.447955177483713,15.058464004047957,14.668863050494318,14.279366258716474,13.890007970902163,13.501010548851955,13.112635429307277,12.725071031397869,12.338589156920913,11.95334632509386,11.569687117835144,11.187823135619723,10.807971160512553,10.43049064800193,10.055749163149274],"mass_rate":[49.15619082691508,48.7502822844823,48.34331433489932,47.934626228011105,47.52378332837037,47.1104099758834,46.69379346356998,46.27357267615444,45.84944323134259,45.42098962557888,44.987952801939656,44.549828912245665,44.10646758720481,43.65752233189321,43.202611327146364,42.74173979544251,42.274538785156416],"eta":null,"t":[1450,1440,1430,1420,1410,1400,1390,1380,1370,1360,1350,1340,1330,1320,1310,1300,1290],"pi_c":[10.000029227613483,9.881097729829197,9.76245827218755,9.643983499494782,9.525589196011758,9.407208201074134,9.288706322534106,9.170021246578548,9.051103108661202,8.931881425489186,8.812315694705742,8.692320064909229,8.571879704879612,8.450941017390978,8.329446707625358,8.207413831846468,8.084785575532509],"pi_tc":[2.7020741982579612,2.702380039492469,2.7027044773620337,2.7030229278538176,2.703310508328843,2.7035432947596636,2.703696712800733,2.7037469294170253,2.70367018083902,2.7034435652548896,2.7030443767494328,2.7024489389642294,2.7016344565961066,2.700580691925416,2.6992655796753953,2.6976678348710696,2.695765030305416],"pi_f":[3.3392444876175307,3.2991570452581667,3.2591537470557643,3.2192221553717935,3.179363135249135,3.139580666367153,3.099855702473226,3.0601909152324818,3.0205916673486937,2.9810541146321645,2.941582886062372,2.9021672117485653,2.8628177407619133,2.8235282099203522,2.7842918490963195,2.745124696582725,2.706018052685573],"g_norm_tc":[1.0000000000000002,1.0000000000012643,1.00000000001025,1.0000000000341076,1.000000000074619,1.000000000124457,1.0000000001671576,1.000000000183005,1.0000000001591671,1.000000000101026,1.0000000000364342,1.0000000000022635,0.9999999999971022,0.9999999998773158,0.9999999991718097,0.9999999967822399,0.9999999905237288],"g_norm_tf":[1.0000063721175123,1.0000004067989512,0.9999999494765471,0.9999967691353069,0.9999827270241367,0.9999497777479313,0.9998899327464207,0.9997952845040399,0.9996580186736916,0.999470372828498,0.9992246984845328,0.9989133182038472,0.9985287793521955,0.9980635686748498,0.9975101841862587,0.9968615325274062,0.9961102493712707],"rpm_tc":[10000.01133593117,9971.841085121589,9943.389376095894,9914.606125257425,9885.45674078264,9855.909818745278,9825.907641402708,9795.417466086426,9764.409698542053,9732.84512760891,9700.695214344505,9667.911276957653,9634.470311612002,9600.332841277017,9565.454905929713,9529.82132494798,9493.385998310123],"rpm_ft":[3014.0619214518074,2989.7882126624922,2965.0925984239816,2939.960432884058,2914.3838067732577,2888.3572262565563,2861.862466066642,2834.893094486318,2807.444994877802,2779.5084515334242,2751.0792106802255,2722.1439953025492,2692.703068756667,2662.7463081492097,2632.263244469731,2601.2544719758175,2569.721576161037]}