{"power":[16.31587035661823,15.836243718351692,15.357411838459646,14.87973433400051,14.403516604443785,13.929005917804608,13.456589562334099,12.98651076871113,12.519086720198509,12.054721657427859,11.593658858720701,11.13635413105822,10.683196274472854,10.234367189361217,9.7906053664888,9.352137238939765,8.91935141859635],"mass_rate":[59.520276858085715,58.979627559459026,58.43205353787818,57.87725903819498,57.31484440066275,56.74429868708872,56.16535053098401,55.57744623697362,54.98023753087529,54.373486860670965,53.75664443973389,53.129589134555076,52.49207038502531,51.84340431771366,51.184060450838466,50.5134516667092,49.83135631170144],"eta":null,"t":[1400,1390,1380,1370,1360,1350,1340,1330,1320,1310,1300,1290,1280,1270,1260,1250,1240],"pi_c":[8.974543617803821,8.859309468551167,8.743568361738923,8.627290457720159,8.5104309459503,8.392928986210253,8.274761539256941,8.155864639978944,8.036205320727614,7.915768690952224,7.794493371830611,7.672382866372941,7.549422038050466,7.425534318266051,7.300810880217589,7.175191179026283,7.048668284902534],"pi_tc":[2.726741952241553,2.726512295360923,2.7261129283352874,2.7255216965620086,2.7247167030602784,2.7236757462349512,2.7223764790059857,2.7207958485290447,2.718914119454382,2.716709440717202,2.7141585446705534,2.7112396803233962,2.7079304990584965,2.704206603003298,2.7000475866402684,2.6954286756797057,2.690326920529585],"pi_f":[2.818184515396144,2.7822330398668655,2.7462872412549304,2.7103530641607123,2.674430336084625,2.6385129901404913,2.6026058105443677,2.5667002019361758,2.5307930077097045,2.4948876592438225,2.4589730608141136,2.4230559730267345,2.3871366609114406,2.3511965315402596,2.315265348628859,2.279327469380417,2.243381360666761],"g_norm_tc":[0.9998560944477255,0.9998554995724931,0.9998544612005944,0.9998529148569332,0.9998507918730475,0.9998480164332657,0.999844504260699,0.9998401590718511,0.9998348815194807,0.999828551941563,0.9998210289343181,0.9998121544438792,0.9998017438913441,0.9997895766523998,0.9997754105429422,0.9997589485000318,0.9997398519988923],"g_norm_tf":[0.999647349500599,0.9994618462091215,0.999220623258136,0.9989164402107569,0.9985420423696544,0.9980901067174738,0.9975534401150882,0.9969246546590117,0.996196394334836,0.9953614296643858,0.9944121662046499,0.9933414209397988,0.9921418702223385,0.9908054532677799,0.9893258930569939,0.9876952402363303,0.985906008974185],"rpm_tc":[9895.937697611176,9865.096540827502,9833.602248665944,9801.426985236109,9768.535365485643,9734.883734578212,9700.441215013741,9665.158014869947,9628.99490202176,9591.917548681788,9553.870120438865,9514.821197626907,9474.729061502372,9433.521600892702,9391.197942598343,9347.686670160745,9302.936579276353],"rpm_ft":[2821.5324499161766,2793.4095811969037,2764.769583581473,2735.607730671985,2705.915528433873,2675.68003784383,2644.896562342269,2613.55042319703,2581.6307394528258,2549.1320041926583,2516.03655613673,2482.341133161722,2448.037327154153,2413.0999435653366,2377.546537148564,2341.354617322559,2304.51354296077]}