{"power":[13.231551773707954,12.816834862532192,12.403997750670253,11.993162067960384],"mass_rate":[56.33703663347629,55.825873203625356,55.30913286489187,54.786159202240675],"eta":null,"t":[1400,1390,1380,1370],"pi_c":[8.904988264887526,8.790853744193877,8.676366154930545,8.561435665740307],"pi_tc":[3.100301232221976,3.0999874360606077,3.0994716621924225,3.0987295381444855],"pi_f":[2.459407823843484,2.4281315536185253,2.396907604333572,2.3657236812656577],"g_norm_tc":[0.9998547293238402,0.9998540098713691,0.9998528221826992,0.999851101994241],"g_norm_tf":[0.9995437507884121,0.9993287176698245,0.9990554431170949,0.9987170315631398],"rpm_tc":[9871.19236871334,9840.46411449061,9809.14518928863,9777.184979847838],"rpm_ft":[2832.956770860528,2802.855947336499,2772.2476172306806,2741.114041934215]}