{"power":[16.23604325578314,15.827545710612357,15.418773731259334,15.00981780563044,14.60090381568306,14.192257860023487,13.783934196020173,13.376219216330052,12.96937381301751,12.56370104899155,12.159489248405212,11.756937868192905,11.35647032675288,10.95829308473944,10.562815646000644,10.170392906600537,9.781291575176636],"mass_rate":[52.79660473847915,52.345685879484776,51.89347787313548,51.439254518464246,50.982560323083305,50.52293271739215,50.05956639819551,49.59211855325205,49.12017908131322,48.64340336731942,48.16141651359078,47.67369691839782,47.18015584877456,46.68033724624375,46.17387626783436,45.660893156152305,45.14079077074321],"eta":null,"t":[1400,1390,1380,1370,1360,1350,1340,1330,1320,1310,1300,1290,1280,1270,1260,1250,1240],"pi_c":[10.000008892224875,9.877071939312925,9.75443106844437,9.631955559449363,9.509567401421709,9.387186243712407,9.264671532624087,9.141971477388353,9.01902074457361,8.895769400949082,8.772162682894022,8.648117049682602,8.52363329095718,8.398642050932093,8.273095938743193,8.147033185206308,8.020365757425466],"pi_tc":[2.8233727665070028,2.823719624681659,2.8240865395048087,2.8244449124830546,2.824767233817012,2.8250254118598277,2.825192081135784,2.8252422579470053,2.8251491227439174,2.8248860218408347,2.8244263918748307,2.8237436279586214,2.8228129880611323,2.8216080680024174,2.820102123911668,2.8182713445105967,2.816089305194719],"pi_f":[3.1957763885683614,3.1561007877471616,3.116507397314183,3.076986425015001,3.037542148478028,2.99817718153469,2.9588725928765855,2.9196338307783978,2.8804625164826634,2.8413635550769096,2.8023387691274912,2.763379388634873,2.7245003548205418,2.685694454698739,2.6469603986648584,2.6083201672064615,2.569756479119903],"g_norm_tc":[1.0000000000000002,1.000000000001648,1.0000000000131766,1.0000000000434355,1.0000000000943468,1.0000000001560025,1.0000000002074312,1.0000000002248728,1.0000000001932354,1.0000000001201648,1.0000000000412632,1.0000000000019929,0.9999999999947647,0.999999999823079,0.9999999988555566,0.999999995628092,0.9999999872308692],"g_norm_tf":[1.0000063689063163,1.000000346884314,0.9999999112989698,0.9999959614852205,0.9999795020558939,0.9999416458035032,0.9998735719514229,0.9997665637731201,0.9996119973969878,0.9994013678439901,0.9991262706958538,0.998778307070096,0.998349387092159,0.9978313292763847,0.9972160833219982,0.9964961469790328,0.9956634724425926],"rpm_tc":[10000.004009660419,9970.861332154873,9941.413132103336,9911.607801544995,9881.411022605329,9850.786932014953,9819.674382742323,9788.042992993456,9755.856494736614,9723.081836863796,9689.682462393797,9655.609848493117,9620.844833195008,9585.340388679535,9549.054087711924,9511.97742897094,9474.047413362474],"rpm_ft":[3014.6807448758527,2989.1826487652615,2963.2243850306972,2936.7911813275045,2909.8761648658096,2882.4719621326353,2854.5587840596922,2826.131634345856,2797.183320104853,2767.7092070159338,2737.7032499422503,2707.1521693258214,2676.0592038597524,2644.410651030235,2612.2084332074523,2579.4503380997826,2546.1266085885845]}