{"power":[16.289273746341937,15.810114153010604,15.331735563238151,14.854534667293583,14.378816416848927,13.904810733884338,13.43289294354546,12.963315087264407,12.496407320538347,12.029143497188091,11.568705962484753,11.112056782147475,10.659511826834537,10.211321824392028,9.768209081586983,9.330381542478943,8.898238456371459],"mass_rate":[59.485197616734524,58.94487592088006,58.397558102902806,57.84302039735536,57.28085882391154,56.71053725920753,56.131773388915306,55.54402477609844,54.946974246681194,54.33525617538966,53.71856964173483,53.09170407418997,52.45427474043105,51.805728467366045,51.14650996930881,50.47598608332045,49.79396866552831],"eta":null,"t":[1400,1390,1380,1370,1360,1350,1340,1330,1320,1310,1300,1290,1280,1270,1260,1250,1240],"pi_c":[8.96678305354274,8.851673999849353,8.736046566651863,8.619881728974473,8.503135158480863,8.385741523169095,8.267674530605069,8.148873293890276,8.029308847061316,7.907913220249199,7.786746181367416,7.664748516571073,7.54188323426673,7.418095283051621,7.2934713197377965,7.167945543258012,7.041514587064458],"pi_tc":[2.726696667004392,2.726457018454638,2.726046597732545,2.725443384759511,2.7246255836646696,2.723571018842088,2.7222573410618933,2.720661584674121,2.7187641202582715,2.716517338382069,2.713947151317696,2.711008666137201,2.7076789411660207,2.703934243685703,2.6997540924394707,2.69511355485023,2.6899898358318466],"pi_f":[2.8157943086548367,2.779891508556019,2.7439914691715472,2.7081033462624604,2.6722269754186065,2.636354813324356,2.60049058467914,2.564626540129797,2.5287606520833408,2.4925880306673958,2.456720353343956,2.420851199791169,2.384974438085777,2.3490776519588104,2.3131892376738104,2.2772920006709274,2.2413853860618924],"g_norm_tc":[0.9998559772758344,0.9998553561455612,0.9998542882578536,0.9998527092177035,0.999850550287666,0.9998477353146888,0.9998441795261965,0.9998397862920728,0.9998344558987621,0.9998279928841625,0.999820395810652,0.9998114398053053,0.9998009371374352,0.9997886677309037,0.9997743875296659,0.999757796980794,0.9997385559049827],"g_norm_tf":[0.999636600317773,0.9994479093401075,0.9992031518944569,0.9988951324573982,0.9985166265179958,0.9980603202005304,0.9975190234709008,0.9968853730173035,0.9961520512482975,0.9953041444939303,0.9943486544026183,0.9932715741437133,0.9920653929076939,0.9907222549971431,0.9892358664180001,0.9875982189664501,0.9858018747834125],"rpm_tc":[9892.3652561079,9861.540150656327,9830.057367209238,9797.893296315868,9765.012242386008,9731.369021568673,9696.932072902959,9661.652184957893,9625.491996747338,9588.103005273133,9550.054004696889,9511.00490192549,9470.905449246178,9429.69169138216,9387.36115809535,9343.839341735356,9299.077127458368],"rpm_ft":[2819.739353948317,2791.618338888527,2762.978964271984,2733.818705804532,2704.1292304323247,2673.896476822675,2643.1147959785008,2611.7701906262755,2579.8525992519594,2547.081486510401,2513.99006072922,2480.3005628851474,2445.9989148740883,2411.0653176009096,2375.516124369103,2339.3274919264154,2302.489495152241]}