{"power":[16.20990414765582,15.760896001429728,15.299417956003914,14.82436573254596,14.334368237518426,13.827910247759833,13.302881965746423,12.756785255574716,12.186674374844918,11.58799099587808,10.955286469459487,10.279681888049621,9.547285481718637,8.73396665207025,7.784501039060081,6.502610795946177,6.3254161921105885,6.125070348024265,5.885834554208727,5.556524056657182],"mass_rate":[55.21527719102764,54.62277919178281,54.00530491885417,53.35936426821463,52.680709221385236,51.964493076338584,51.204282437370054,50.39234871733153,49.51936072490098,48.57168870433559,47.532420227995026,46.37508099743496,45.05850835320224,43.51151231163466,41.575543905483705,38.69386337740296,38.267312098805846,37.77576847356002,37.175323894555746,36.32333415856434],"eta":[0.36299634739636766,0.3608205683339885,0.358319537290768,0.3554559518340631,0.35219318019040946,0.3484795705686446,0.3442517167949187,0.33943311130713455,0.33392811581835913,0.3276011296707492,0.3202873092144814,0.31172461952740277,0.30150702808879,0.28894562276313057,0.27250196723578535,0.24686190660840956,0.2429722447385443,0.2384645601280831,0.2329238992495163,0.22500369939079487],"t":[1450,1440,1430,1420,1410,1400,1390,1380,1370,1360,1350,1340,1330,1320,1310,1300,1299,1298,1297,1296],"pi_c":[21.000543805379593,20.699659290598944,20.390770593362767,20.072677209223777,19.743907911738255,19.402799977425783,19.047127025038726,18.67421951751451,18.280862778652118,17.86231762242777,17.412715901825386,16.922808413303304,16.37816572914533,15.753730587933031,14.993397449994834,13.899126324621188,13.740519483755113,13.558737781890756,13.338078221168663,13.027503989566513],"pi_tc":[5.351086992573028,5.352190550652913,5.353338377769634,5.354434190491984,5.355363789592123,5.35599030379908,5.356145730584241,5.3556202678820135,5.354145663410816,5.351365507113021,5.3467927335405845,5.339709361876315,5.328984555936988,5.312634980595013,5.286334837519734,5.2349506016032,5.226087697241164,5.215469702629885,5.201909839334495,5.1815527661052805],"pi_f":[3.541055619966569,3.4896016137540076,3.436791313622925,3.3824854287241797,3.326506357732883,3.2686531878173346,3.2086423557858406,3.1461317249521037,3.0807093400203023,3.0117395451398856,2.938443766790747,2.8595588406033148,2.7730967293991386,2.675578241151948,2.559113833567402,2.3956266351578215,2.3723058396941594,2.3456869612534024,2.313527457716384,2.2685351274661643],"g_norm_tc":[1.0000000000003153,1.0000000000166707,1.000000000091344,1.0000000002577845,1.0000000005010972,1.0000000007306156,1.000000000796743,1.000000000588125,1.0000000002027167,1.0000000000015352,0.9999999997110552,0.9999999935247738,0.9999999499613186,0.999999730265942,0.9999986953187281,0.9999924101567722,0.9999905295534527,0.9999878962178438,0.9999838774431377,0.9999763124246038],"g_norm_tf":[1.0000063281341074,1.000000126946259,0.9999993185170195,0.99998780527182,0.9999465327730056,0.9998526429680842,0.9996781584677816,0.9993881388082138,0.9989380687732371,0.9982685579300437,0.9972987799318576,0.9959100718827298,0.9939159233221663,0.9909897310607542,0.9864202469068207,0.9777219476897012,0.9762400697948987,0.9744699612228227,0.9722167737254526,0.9688475027421324],"rpm_tc":[10000.076386584962,9987.442885900382,9973.752826572014,9958.840244904426,9942.554568257967,9924.719080538951,9905.100873423402,9883.413124851568,9859.299934027234,9832.24681797557,9801.591498247459,9766.302751065856,9724.754485571197,9674.096993285528,9607.9664426855,9503.870332543464,9487.871609128511,9469.24077645793,9446.195592480151,9412.943600887955],"rpm_ft":[3013.06205426675,2984.980934793367,2955.558524899057,2924.645961919057,2892.060981269635,2857.591274890458,2820.9572608693684,2781.8156246246476,2739.741970815713,2694.1223217686247,2644.1687808574798,2588.656856196389,2525.6581234092446,2451.8003551929296,2359.5264720375285,2222.1694912061344,2201.7987922213783,2178.3029895769064,2149.565140839979,2108.7041859547608]}