{"power":[16.241309712471615,15.793977048167458,15.34189089419337,14.885372405367043,14.424390737917681,13.95924167078738,13.49057580284276,13.018574321017592,12.543437189399326,12.06580096740359,11.586445365437985,11.105877987833436,10.624444912054228,10.143132584821206,9.662493735042032,9.183483692449371,8.706877517754217,8.233489489915058,7.7642226246754165,7.299937629731342,6.841727625546059,6.390477414292104,5.947270393985628,5.5129911650609476,5.088659147277435,4.674884074104167,4.273184630081162,3.884222737788474,3.509114873086608,3.1486417470362618],"mass_rate":[59.2032265241643,58.61741275697408,58.02111906019395,57.413723526975296,56.793797332143704,56.16048488177411,55.51360144703102,54.85188163283651,54.17400527523546,53.4795155500054,52.76827774451094,52.039070124881356,51.290944682320806,50.52369981790079,49.73633692232021,48.928680599716195,48.10014175259083,47.25014133373806,46.37831845093014,45.48411584415179,44.56760221379465,43.62834273565855,42.66646004179374,41.68157308472355,40.673739651262515,39.64180134153548,38.58754984080588,37.51021635219308,36.41064829485543,35.288715971228626],"eta":[0.3298799677116954,0.3276359886025088,0.3251703850480262,0.32247368379054303,0.3195382729619058,0.31635458974821384,0.31292005611426177,0.3092233554457673,0.3052522458805595,0.3010004449738998,0.2964681511253768,0.2916490062938882,0.2865282611242482,0.28110803496561343,0.2753768756847553,0.26933323185789637,0.2629770013406554,0.256300955295144,0.24930886503086594,0.24199529877576215,0.23436305380293437,0.22641038861367394,0.21814204772476636,0.20956326434506728,0.20067918445078334,0.1914830900836452,0.18200275385134151,0.17224066318193706,0.1622140034928474,0.15193619696040267],"t":[1450,1440,1430,1420,1410,1400,1390,1380,1370,1360,1350,1340,1330,1320,1310,1300,1290,1280,1270,1260,1250,1240,1230,1220,1210,1200,1190,1180,1170,1160],"pi_c":[16.50004655921765,16.277334748905346,16.05274389508823,15.826140829740728,15.597168885917377,15.365638078133635,15.131542368182355,14.894585953915918,14.654463917804437,14.411108691637775,14.164537755496175,13.914482807117853,13.660754977119359,13.4033644356169,13.142116204293968,12.877034108561345,12.608032028798387,12.33503502055901,12.058021865047968,11.77692904795038,11.491855752721,11.202773809901377,10.909800234972293,10.612923111559407,10.312248696819143,10.007581200971481,9.699468137759968,9.387816855792481,9.072945328992281,8.754929374622769],"pi_tc":[4.754375607198434,4.755272890001507,4.756210366263578,4.75712138004185,4.757935737693737,4.75857939949639,4.758975330049315,4.759043088471054,4.75869813645109,4.7578544453018505,4.756423291428784,4.754309875280838,4.751416325668982,4.747645475138739,4.742892282628981,4.737052870418358,4.730019237270174,4.721679753520034,4.711921112716034,4.7006222930368295,4.687667431827823,4.672932693449212,4.656298309999605,4.63763233749477,4.616807571562721,4.593668359982102,4.568113807775924,4.53998846395934,4.509167849953804,4.475499420791417],"pi_f":[3.0997507986277313,3.057334451387222,3.0145557631268938,2.9714326644019393,2.927940875242925,2.884087148987201,2.8399117504847657,2.795399595742052,2.750533122942447,2.7053368110152185,2.6598491641713573,2.6140547763654007,2.5679509030827212,2.5215677713043596,2.4748970701723785,2.4279666331434027,2.3807812650091944,2.3333450116283885,2.2856680423159013,2.2377512201305296,2.1896185972320743,2.1412685663896305,2.092719891795656,2.0439666346035406,1.9950174769613989,1.9458286092879675,1.896470560955055,1.846906709848629,1.7971610272768412,1.7472145662813603],"g_norm_tc":[1.0000000000001081,1.0000000000105225,1.0000000000631843,1.0000000001875395,1.0000000003858747,1.0000000006163803,1.0000000007958387,1.000000000829669,1.0000000006670113,1.000000000361695,1.0000000000845963,1.0000000000000433,0.9999999998610929,0.9999999981000968,0.9999999901042321,0.9999999652617283,0.9999999022133115,0.9999997615744088,0.9999994752586113,0.9999989309278299,0.9999979511643455,0.9999962639390748,0.9999934651148681,0.999988965341161,0.9999819266754203,0.9999711641721978,0.9999550763362367,0.9999314623670769,0.999897405003531,0.9998490205066487],"g_norm_tf":[1.0000063275596345,1.0000001961627432,0.9999996594021376,0.9999921423804917,0.9999644279148059,0.9999026420810548,0.9997923655997963,0.9996184859257812,0.9993651402348848,0.999016020209305,0.9985545230297541,0.9979630516596624,0.9972234300365521,0.9963175043998458,0.995225970129201,0.9939298533913258,0.992409287393906,0.9906439009675706,0.9886131211158836,0.9862955716283089,0.9836706868770233,0.9807163421154758,0.9774113243639898,0.9737325195983764,0.9696574292000064,0.9651583328565227,0.9602174416326603,0.954806795782908,0.9489040856515728,0.942481723563866],"rpm_tc":[10000.00472379406,9981.306568641818,9961.817436758678,9941.507190496899,9920.3153678837,9898.199863229122,9875.142079547624,9851.079651077273,9825.944291561202,9799.698221014532,9772.314113984023,9743.717388726474,9713.83981491699,9682.639929944706,9650.038248050254,9615.985154472382,9580.408126618373,9543.228670536879,9504.371325336298,9463.744132021897,9421.27605877301,9376.863983962656,9330.421660804242,9281.827683517491,9230.969848799326,9177.658649241057,9121.84243574692,9063.319239230515,9001.954145763839,8937.536516273989],"rpm_ft":[3015.0066651960046,2987.0678992021394,2958.2909876781105,2928.6524002859483,2898.1025784880767,2866.6095004303074,2834.1625562398904,2800.7159804538646,2766.2204034042834,2730.653822946614,2694.0025338886617,2656.229280713873,2617.27893733699,2577.143656825522,2535.7766724075495,2493.161510065361,2449.2629081395694,2404.0448870400714,2357.475856219774,2309.516009004788,2260.146136692552,2209.3220579530584,2157.0182616177563,2103.1828221880296,2047.7756806914877,1990.6956882688578,1931.9615540073146,1871.468992613325,1809.1744908620453,1744.9742005007347]}