{"power":[20.614475383334458,20.185936399662886,19.75517048854829,19.322218637869007,18.887139189772682,18.4501296418702,18.011312974848003,17.570913648733157,17.128987479888576,16.685674219449094,16.24130971248767,15.7939770481675,15.341890894193366,14.885372405367058,14.424390737917646,13.959241670787428,13.490575802842796,13.018574321017585,12.543437189399322,12.06580096740362,11.586445365438006,11.105877987833505,10.62444491205425,10.143132584821208,9.662493735042037,9.183483692449387,8.706877517754224,8.233489489915053,7.764222624675416,7.299937629731293,6.841727625546056,6.39047741429204,5.94727039398567,5.512991165060945,5.088659147277462,4.67488407410416,4.273184630081157,3.8842227377884657,3.509114873086602,3.1486417470362813],"mass_rate":[65.09428482609,64.48635109098824,63.88492853846247,63.289103128926186,62.69789455445455,62.110601469347124,61.526349909401404,60.94446368360214,60.36381572605152,59.783579880516896,59.20322652419634,58.61741275697414,58.02111906019396,57.41372352697531,56.79379733214364,56.160484881774224,55.513601447031135,54.85188163283648,54.17400527523545,53.47951555000549,52.76827774451097,52.0390701248815,51.290944682320855,50.523699817900805,49.73633692232016,48.92868059971624,48.10014175259085,47.25014133373805,46.37831845093014,45.48411584415166,44.56760221379464,43.62834273565839,42.66646004179385,41.68157308472355,40.673739651262615,39.641801341535476,38.587549840805835,37.51021635219304,36.41064829485541,35.28871597122868],"eta":[0.3426912477372648,0.3421421398408468,0.3414370872958396,0.340577050333558,0.3395568546761267,0.3383692088036877,0.3370153968307712,0.33549377019933474,0.3337970018723727,0.33192624860869724,0.3298799677118566,0.32763598860250953,0.32517038504802603,0.3224736837905431,0.31953827296190523,0.3163545897482143,0.31292005611426205,0.309223355445767,0.3052522458805592,0.30100044497390016,0.29646815112537717,0.29164900629388946,0.28652826112424845,0.28110803496561343,0.27537687568475555,0.2693332318578965,0.2629770013406555,0.25630095529514374,0.24930886503086583,0.2419952987757611,0.2343630538029344,0.22641038861367233,0.21814204772476742,0.209563264345067,0.200679184450784,0.19148309008364503,0.18200275385134132,0.17224066318193676,0.1622140034928472,0.15193619696040336],"t":[1550,1540,1530,1520,1510,1500,1490,1480,1470,1460,1450,1440,1430,1420,1410,1400,1390,1380,1370,1360,1350,1340,1330,1320,1310,1300,1290,1280,1270,1260,1250,1240,1230,1220,1210,1200,1190,1180,1170,1160],"pi_c":[18.791847477539942,18.552772648230487,18.31658625024803,18.083008070271568,17.851749004251566,17.622605395101857,17.395318938209947,17.169693913792894,16.945414859852086,16.722247199684237,16.500046559226938,16.27733474890536,16.052743895088227,15.826140829740732,15.59716888591736,15.365638078133664,15.131542368182384,14.894585953915911,14.654463917804435,14.411108691637795,14.164537755496184,13.914482807117892,13.660754977119373,13.403364435616902,13.142116204293956,12.877034108561352,12.608032028798387,12.335035020559012,12.058021865047968,11.776929047950349,11.491855752720996,11.202773809901334,10.909800234972321,10.612923111559406,10.312248696819166,10.00758120097148,9.699468137759956,9.387816855792472,9.07294532899228,8.754929374622781],"pi_tc":[4.761702703719447,4.758673121472203,4.756326560697616,4.754598653287132,4.753423802014964,4.752737188736335,4.752473224820128,4.752569408826805,4.752959562247132,4.7535828927506545,4.754375607198411,4.755272890001505,4.756210366263578,4.75712138004185,4.757935737693737,4.7585793994963925,4.758975330049317,4.759043088471054,4.75869813645109,4.757854445301854,4.756423291428784,4.75430987528084,4.751416325668984,4.74764547513874,4.74289228262898,4.737052870418358,4.730019237270174,4.721679753520034,4.711921112716035,4.7006222930368295,4.687667431827823,4.672932693449209,4.656298309999608,4.637632337494769,4.616807571562724,4.593668359982102,4.568113807775922,4.5399884639593395,4.509167849953805,4.475499420791417],"pi_f":[3.524863486772872,3.4822347803199687,3.4396002388672,3.3969715767646163,3.354357411780966,3.3117795242826746,3.269247625748903,3.2267787239230836,3.184367525745974,3.1420179920736064,3.099750798629383,3.0573344513872254,3.0145557631268933,2.9714326644019398,2.9279408752429226,2.884087148987206,2.839911750484771,2.7953995957420505,2.750533122942447,2.7053368110152216,2.659849164171359,2.6140547763654074,2.5679509030827234,2.5215677713043596,2.4748970701723767,2.427966633143404,2.3807812650091953,2.3333450116283885,2.285668042315901,2.237751220130524,2.1896185972320743,2.141268566389624,2.09271989179566,2.0439666346035397,1.9950174769614022,1.9458286092879669,1.8964705609550536,1.8469067098486274,1.7971610272768408,1.747214566281363],"g_norm_tc":[1.0000000030356082,1.0000000006561225,1.0000000000743527,1.0000000000007359,0.9999999999975806,0.9999999999812923,0.9999999999684722,0.9999999999736616,0.9999999999889153,0.9999999999988802,1.0000000000001081,1.0000000000105225,1.0000000000631843,1.0000000001875395,1.0000000003858747,1.0000000006163803,1.0000000007958387,1.000000000829669,1.0000000006670113,1.000000000361695,1.0000000000845963,1.0000000000000433,0.9999999998610929,0.9999999981000968,0.9999999901042321,0.9999999652617283,0.9999999022133115,0.9999997615744088,0.9999994752586113,0.9999989309278299,0.9999979511643455,0.9999962639390748,0.9999934651148681,0.999988965341161,0.9999819266754203,0.9999711641721978,0.9999550763362367,0.9999314623670769,0.9998974050035311,0.9998490205066487],"g_norm_tf":[1.0030889419079148,1.0023466579670268,1.001733896231528,1.0012383899008477,1.0008477287968367,1.0005495226917271,1.0003312045990385,1.0001802362152508,1.0000840434584537,1.0000301879468316,1.000006327559635,1.0000001961627432,0.9999996594021376,0.9999921423804917,0.9999644279148058,0.9999026420810548,0.9997923655997963,0.9996184859257812,0.9993651402348848,0.999016020209305,0.9985545230297541,0.9979630516596625,0.9972234300365522,0.9963175043998458,0.995225970129201,0.9939298533913258,0.992409287393906,0.9906439009675705,0.9886131211158836,0.9862955716283086,0.9836706868770233,0.9807163421154753,0.97741132436399,0.9737325195983764,0.9696574292000067,0.9651583328565226,0.9602174416326602,0.9548067957829078,0.9489040856515728,0.9424817235638664],"rpm_tc":[10268.428730104217,10241.714959857216,10215.082788516529,10188.490143902767,10161.890263317016,10135.250452778393,10108.52882491813,10081.693100556413,10054.685806749845,10027.465283464788,10000.004723839644,9981.30656864182,9961.817436758678,9941.507190496906,9920.315367883697,9898.199863229127,9875.142079547632,9851.079651077256,9825.944291561202,9799.698221014542,9772.314113984025,9743.717388726482,9713.839814916992,9682.639929944708,9650.038248050252,9615.985154472382,9580.408126618375,9543.228670536879,9504.371325336297,9463.744132021891,9421.27605877301,9376.86398396265,9330.421660804248,9281.82768351749,9230.96984879933,9177.658649241057,9121.842435746916,9063.319239230514,9001.954145763837,8937.536516273993],"rpm_ft":[3264.4149351675983,3241.6358551516446,3218.411127934564,3194.7258155832337,3170.5649489756447,3145.920435496965,3120.7792625714824,3095.133424920503,3068.9642150925824,3042.256636335749,3015.0066651973425,2987.067899202141,2958.2909876781105,2928.6524002859487,2898.1025784880753,2866.6095004303106,2834.1625562398935,2800.7159804538637,2766.2204034042834,2730.6538229466164,2694.002533888662,2656.2292807138774,2617.278937336992,2577.143656825523,2535.7766724075486,2493.161510065362,2449.26290813957,2404.0448870400705,2357.475856219774,2309.516009004783,2260.1461366925514,2209.322057953052,2157.01826161776,2103.182822188029,2047.7756806914913,1990.695688268858,1931.9615540073132,1871.468992613323,1809.1744908620442,1744.974200500738]}