{"power":[13.51769677127713,13.119456371592616,12.721867772538067,12.325303219977537,11.92998367444962,11.536104024659473,11.143996386254193,10.75385126489474,10.365980530973047,9.980672638189075,9.598115979259713,9.218760622202046,8.842828629021614,8.470559306819897,8.102544483366854,7.738925986743654,7.380061978284472],"mass_rate":[49.44311124704254,48.99360851777367,48.53822642166725,48.076858193412185,47.60911822354335,47.13456684782643,46.652999608309464,46.16393982577591,45.667194448567095,45.16247404814816,44.64930813565032,44.127735740373666,43.597353498916085,43.05777644438584,42.50935991586374,41.951517549742015,41.38414626142614],"eta":null,"t":[1400,1390,1380,1370,1360,1350,1340,1330,1320,1310,1300,1290,1280,1270,1260,1250,1240],"pi_c":[8.955013150703774,8.840022407679392,8.724502063533189,8.608447961690892,8.491804831569027,8.374509231969938,8.2565424852258,8.137837483901404,8.018378878558746,7.898136406564118,7.777044340105155,7.655132659846268,7.532350444664599,7.408654388292306,7.284128701274736,7.158696307095088,7.03236470097091],"pi_tc":[2.7266256473739343,2.7263702944616486,2.725942393626633,2.7253201156685587,2.724481661231028,2.7234049416909745,2.722067799920656,2.7204472603588226,2.7185240223184124,2.7162761379591367,2.713680320701257,2.710715603326067,2.7073587662232987,2.703586517611059,2.699378432254504,2.69470921863557,2.6895566041929184],"pi_f":[2.812171510485246,2.7763206054489826,2.740470097192214,2.7046335339720566,2.6688072385667794,2.6329840981823236,2.597169974870996,2.5613551069205402,2.5255413881866517,2.4897274256284283,2.453900683312087,2.418075502676617,2.3822415710318006,2.3463897631191997,2.3105476468470023,2.274694734873894,2.2388334561108683],"g_norm_tc":[0.9998557933902201,0.9998551309317014,0.9998540162915327,0.9998523851368197,0.999850168174289,0.9998472888052573,0.9998436619622867,0.9998391900263982,0.999833773102764,0.999827289221983,0.9998195945226681,0.9998105306152106,0.9997999071649548,0.9997875034953161,0.9997730735892141,0.999756314085485,0.9997368838128167],"g_norm_tf":[0.9996198949845022,0.9994261951986964,0.9991758491241368,0.998861724085775,0.9984765974986503,0.9980131816168832,0.9974643455239597,0.9968227240530468,0.9960811084051189,0.9952322292800366,0.994268482082241,0.993182948245795,0.991968024223204,0.990615994277052,0.9891205888883293,0.9874736806527027,0.985667989758879],"rpm_tc":[9891.031356841062,9860.165546999819,9828.637960312819,9796.430524861235,9763.503923363207,9729.813250135074,9695.328979590002,9659.999946536294,9623.793890931312,9586.669519956355,9548.569808492774,9509.473703999081,9469.324530786173,9428.063990977098,9385.688479998116,9342.118710537643,9297.309618503512],"rpm_ft":[2853.9643735065233,2825.4624357910466,2796.4342375468245,2766.8803798775157,2736.789828799567,2706.148664838014,2674.9529954470804,2643.18698756687,2610.843707476761,2577.913872079521,2544.3781233307704,2510.2397805986075,2475.48113364134,2440.084922435948,2404.067160968554,2367.400602721847,2330.078079360386]}