{"Pi":[8,8.5,9,9.5,10,10.5,11,11.5,12,12.5,13,13.5,14,14.5,15,15.5,16,16.5,17,17.5,18,18.5,19,19.5,20,20.5,21,21.5,22,22.5],"MassRate":[49.99679832506049,49.65674657843046,49.41335360506485,49.2504760430816,49.1560346343659,49.12076669038129,49.134705800978026,49.19242879244941,49.289251191377325,49.420913984950886,49.58401891861788,49.77659332816823,49.996232567045304,50.24072963992977,50.5087533390799,50.79999495719134,51.11102811815387,51.441906789651384,51.79158449793497,52.15990904555429,52.545834871399954,52.949439893263055,53.36967073502523,53.80657991965202,54.25972237302407,54.72877635601818,55.2138967871344,55.71502006689454,56.23184598174236,56.76470879100103],"SpecificPower":[320020.4920317894,322212.00748077134,323799.11163042387,324869.95630263723,325494.1151989119,325727.8148944911,325635.40860117495,325253.30407056166,324614.38575879694,323749.57704894216,322684.6138926487,321436.21992197906,320024.1133878215,318466.71245959966,316776.775157909,314960.66118673916,313043.98657394724,311030.4613206666,308930.49817075883,306749.00115386065,304496.065942395,302175.0566626057,299795.7412823157,297361.40122439276,294878.0292313956,292350.7716656738,289782.11883295694,287175.70200620074,284536.2751419358,281865.27053119487],"Efficiency":[0.30328312780786554,0.30917516283333873,0.3144845867380632,0.31928244059446215,0.32362471789172864,0.32755944081371774,0.33113619488308255,0.3343878646525042,0.3373424605513129,0.3400267985895377,0.34246391047722236,0.3446688491162096,0.34666071676227667,0.34845461969572467,0.3500637421857695,0.35149441805375564,0.35276791551748343,0.35388928046846313,0.3548686216438153,0.3557098316307199,0.35642451854017515,0.35701332641190353,0.35748847018244245,0.3578515390303987,0.3581090549278767,0.3582657682820929,0.35832456905486526,0.35828932827257165,0.35816472176329006,0.35795196861467715]}