{"pi":[8,8.5,9,9.5,10,10.5,11,11.5,12,12.5,13,13.5,14,14.5,15,15.5,16,16.5,17,17.5],"mass_rate":[54.074946289199055,53.878818237098166,53.79017994450066,53.789586092535146,53.86507260268143,54.00670371145074,54.20683313711309,54.459175109656854,54.75985522227972,55.10532009621251,55.492026731208064,55.91926127875104,56.38212914774902,56.88011853070826,57.41163898970585,57.976922880817774,58.574016777719734,59.20311957758181,59.86367591355047,60.55521097263747],"specific_power":[295885.6383218608,296962.71231471124,297452.0631183683,297455.3470717348,297038.4931627014,296259.51780885324,295165.73970534146,293798.06006578373,292184.8484634087,290353.0906283531,288329.71045553446,286126.8127316964,283777.86085502553,281293.3660003182,278689.13484370074,275971.87303111865,273158.66112986207,270256.0289755179,267273.9312418052,264221.68700278783],"efficiency":[0.2893732953917345,0.2944651976349563,0.2989625186233013,0.3029465658460353,0.3064708529301542,0.30958495282141324,0.3123281484393062,0.3147360942184935,0.31683375690552407,0.3186454853366287,0.3201942759127729,0.3214929416257695,0.3225683409442167,0.32343169631410057,0.32409784518612517,0.32457114157689454,0.3248704887622164,0.32499905774285764,0.3249675881143385,0.32478474375257727]}