{"power":[12.73412930282203,12.425030625273942,12.110609654901483,11.790623209980497,11.464298130790414,11.131657093520204,10.792268571024527,10.445851478607352,10.092346284446378,9.731477582700316,9.363179947590098,8.987944044435437,8.606366665567997,8.219224911887208,7.827543492522993,7.432366206728064,7.035392743385928],"mass_rate":[53.713455393928975,53.43887560249242,53.14673887623092,52.8357842812378,52.50366496765531,52.149385248897524,51.77098835544602,51.366663786223654,50.934874117525226,50.4734865495828,49.98058899652255,49.45523742300453,48.896594637644,48.3040946332993,47.67761584779144,47.01701858880448,46.32370912249002],"eta":null,"t":[1450,1440,1430,1420,1410,1400,1390,1380,1370,1360,1350,1340,1330,1320,1310,1300,1290],"pi_c":[6.515037746003356,6.4577412673531684,6.398514782505809,6.33723158298025,6.273636920213969,6.207642242132919,6.139046843237116,6.06766995437479,5.993368344901775,5.915932123009301,5.835180700010063,5.751051574767803,5.66349528563255,5.572495984536986,5.478092024371807,5.380318884888647,5.279390490836461],"pi_tc":[2.2251482005674745,2.223634767434022,2.221963558366457,2.2201183628752426,2.218076670552027,2.215819600301279,2.213322048246094,2.2105579930037975,2.2074995385492424,2.2041129926443728,2.2003619794382567,2.1962122723282715,2.1916275595553056,2.186570794992582,2.1810057523480397,2.1748940321750605,2.168208052815116],"pi_f":[2.3315355142530683,2.3126037485880184,2.293117379975882,2.2730421507852365,2.2523032683392006,2.2308805668905127,2.2087185425838967,2.1857680679589855,2.1619935228262754,2.1373387917253,2.1117583385463234,2.0852445199931426,2.057793687176138,2.0294121742003637,2.000122303705973,1.9699443385904745,1.9389511742669219],"g_norm_tc":[0.9997931740348434,0.9997870530458198,0.9997801549532176,0.9997723674529833,0.9997635387367824,0.9997535162675162,0.9997421002908058,0.9997290612486456,0.9997141293725256,0.9996969667319601,0.9996771703062948,0.9996542857592737,0.9996277726296608,0.9995969951571865,0.9995612136593657,0.999519544265419,0.9994710271098232],"g_norm_tf":[0.9924899347786446,0.9918042433656311,0.9910561389433041,0.9902391977428201,0.9893445217979314,0.9883646094098067,0.9872894979425398,0.986108376781878,0.9848099568103365,0.9833805377437381,0.9818054798953467,0.980071072902818,0.9781627379285891,0.9760654942055336,0.9737646132152644,0.9712444288813582,0.9684932905632814],"rpm_tc":[9477.53693445668,9458.634879837595,9438.426011161724,9416.808003516242,9393.601079340484,9368.714105837242,9341.985894573188,9313.260174237901,9282.394134735949,9249.196756591484,9213.484568772516,9175.134708441272,9134.023967463974,9090.040067753967,9043.094204229114,8993.086903776117,8940.024629337338],"rpm_ft":[2579.9379926409456,2558.675431850962,2536.692732577706,2513.937975506651,2490.316250700576,2465.783386553237,2440.2563494546503,2413.6553103818896,2385.9096121722273,2356.922888093223,2326.6045827954213,2294.9000074762184,2261.7552219078134,2227.1240044310243,2190.9755083236764,2153.274484125955,2114.0450254447614],"sigma":[0.3815304472179601,0.3828989397245337,0.3843640530593733,0.3859342430955218,0.38762376708217167,0.3894406767567304,0.39139859232405944,0.39351128258445883,0.3957906796083545,0.39825455340557353,0.400919273609165,0.4037973108789126,0.4069019078741692,0.41024958505764797,0.4138476040931199,0.41770857089408725,0.421836892774978]}