{"power":[12.19615347531949,11.899103495919158,11.596975177843703,11.289519406327488,10.97604862562401,10.656576763375183,10.330690829174257,9.998185767451401,9.658978252203214,9.312844307963815,8.959713667959686,8.600053731132366,8.234457149545982,7.863644778511962,7.488572321934958,7.1101912576788155,6.730147190469606],"mass_rate":[51.515754415566974,51.251117222312644,50.96961519878168,50.670007988367765,50.35012174564232,50.00901091209263,49.644796679942324,49.25583941560626,48.84064913781681,48.397249431191916,47.923814344181444,47.4194480402256,46.883391326837724,46.315057682786495,45.71430235394097,45.08087702630445,44.416178417752974],"eta":null,"t":[1450,1440,1430,1420,1410,1400,1390,1380,1370,1360,1350,1340,1330,1320,1310,1300,1290],"pi_c":[6.507194647248597,6.449776050677293,6.390428581715384,6.32902412672979,6.265318083484714,6.199221589219948,6.13053356955438,6.059089393220648,5.9847393829499955,5.907284552162342,5.826543376348067,5.7424528197625255,5.654970065215226,5.564075182958779,5.469800041975378,5.372167824852656,5.271397253075619],"pi_tc":[2.224563973926843,2.223034138249457,2.2213454880588395,2.219481701855672,2.217420523193413,2.2151430328072435,2.2126240617363964,2.209838231958904,2.2067574316237284,2.2033485249284017,2.199575218011006,2.19540343129026,2.1907974440618068,2.1857202826675897,2.1801356226574753,2.1740045317382726,2.16729999722392],"pi_f":[2.3293402886865096,2.310375356490133,2.290856658917565,2.270749475742552,2.2499823019206158,2.2285348322567664,2.2063514082328224,2.1833879908568927,2.159606795653308,2.1349550334466656,2.1093867138851774,2.082893848275927,2.055474649828839,2.027133951610742,1.9978918685481797,1.9677647054960599,1.9368266658358326],"g_norm_tc":[0.9997922399721995,0.9997860324761502,0.9997790383678756,0.9997711437661182,0.9997621965616887,0.9997520425527273,0.999740479820655,0.9997272796926224,0.9997121690444457,0.9996948099388954,0.9996747967380705,0.9996516725424279,0.9996248965879317,0.9995938297572151,0.999557727545912,0.9995156974578007,0.9994667781584615],"g_norm_tf":[0.9923994313644263,0.9917071891565679,0.9909521121267209,0.9901277267378661,0.989225233158182,0.9882371144988323,0.9871533796061033,0.985963469240423,0.9846560066359892,0.9832175037226889,0.9816333505454324,0.9798898934072664,0.9779727786849708,0.9758670456454093,0.9735579252617509,0.9710295316842216,0.9682704296244611],"rpm_tc":[9472.351482348595,9453.36422822804,9433.068417723869,9411.359503242766,9388.063196931822,9363.088955909188,9336.275432916173,9307.473461404605,9276.53906591873,9243.286462463026,9207.532887657768,9169.156290631567,9128.037010256132,9084.05982647419,9037.133923053616,8987.151304624143,8934.122138003682],"rpm_ft":[2543.1040238244227,2522.069904682207,2500.324955653518,2477.8169510862117,2454.456044830189,2430.197847996429,2404.960383864184,2378.6704595664883,2351.255906424834,2322.6254425135953,2292.68927240338,2261.3934749400346,2228.6874613587347,2194.524444785253,2158.871891375127,2121.691062418997,2083.007701563804],"sigma":[0.38610849755760696,0.387495962756602,0.3889810032165609,0.3905726472905742,0.39228494052615576,0.39412555282248385,0.39610842531056967,0.3982464818484985,0.4005528786514635,0.40304483953941683,0.4057383286013779,0.40864801211846796,0.41178484593389536,0.41516151392483713,0.4187910876021631,0.4226842838166766,0.42684560678060907]}