{"power":[15.999218005272331,15.328700800261585,14.659981579385168,13.993322830741816,13.328851842684854,12.667092291512338,12.008491656979169,11.353839258363703,10.703833672573083,10.059518787833701,9.421936983657242,8.792393481992312,8.17227490806751,7.563074444794601,6.966377787869078],"mass_rate":[63.727245221536194,63.16274495605104,62.588148052655605,62.00126126083966,61.399508070376314,60.78087992639256,60.143034835017595,59.48409042649227,58.801839343991844,58.094793628038744,57.36109210806504,56.5992536291343,55.80802538148425,54.98631963821836,54.133503184118005],"eta":[0.5291034306776061,0.5246831290530045,0.5199246402695801,0.5148220913799137,0.5093632548050778,0.5035024229432488,0.4972419492577213,0.490552039324249,0.4833881086705788,0.47572832395788345,0.4675576148685272,0.45880645745946025,0.44946627788491306,0.43947727793532326,0.4288054198487045],"t":[1450,1430,1410,1390,1370,1350,1330,1310,1290,1270,1250,1230,1210,1190,1170],"pi_c":[4.000081330722661,3.9362598923728567,3.8721379395296314,3.8075950176585036,3.7424915854101157,3.6767298620627984,3.6101926738630934,3.542797238669583,3.474445868535369,3.405086504704376,3.3346483039226493,3.2630894376306707,3.1903813322867323,3.1165103935685807,3.0414900766189734],"pi_tc":[1.6135799391834453,1.613763609748844,1.6139114434266308,1.6139896274454952,1.613963193063001,1.613796762629918,1.6134524819846892,1.6128901640560298,1.6120688740454006,1.610950364852809,1.6094886184081478,1.607636098901863,1.6053449531642339,1.6025666827041756,1.5992580849437015],"pi_f":[2.1920407845990564,2.1568211901408803,2.1214920742979144,2.0860288240326126,2.0503948427103373,2.01457377905295,1.9785384549186509,1.9422798229648037,1.9057777475281958,1.8690300520954433,1.8320293267301317,1.7947812443167346,1.757294391468639,1.7195815018330107,1.6816598035591346],"g_norm_tc":[0.9999999999999999,1.0000000000009819,1.0000000000060916,1.0000000000116438,1.0000000000094973,1.0000000000016456,0.9999999999995646,0.9999999999395708,0.9999999993752791,0.9999999967275018,0.9999999877100438,0.9999999623770984,0.9999999000451786,0.9999997610664374,0.9999994747908478],"g_norm_tf":[1.0000000000000113,0.9999969033583402,0.9999750533661361,0.999915288006837,0.9997978561067388,0.9996023491618368,0.9993074929835241,0.9988912385950556,0.998330461775851,0.997601280230734,0.9966787609659903,0.9955373523872807,0.9941508480444653,0.992492573517761,0.9905356127844123],"rpm_tc":[10000.741774502552,9952.23112778398,9902.736761424341,9852.071973787482,9799.995122684964,9746.303627459263,9690.758614956505,9633.149653501741,9573.228149824141,9510.793054055186,9445.597692222102,9377.41148911132,9306.004891399152,9231.142340005686,9152.605224227344],"rpm_ft":[2999.951124533251,2957.442953928401,2913.795503026013,2868.940524284523,2822.791757887584,2775.280635717138,2726.3236695186183,2675.852524660101,2623.781775345172,2570.0426421015627,2514.5560789351,2457.255405152689,2398.072173357446,2336.939049660495,2273.789559653553],"sigma":[0.9586845310944574,0.9585786298820447,0.9584688410429695,0.9583600014881818,0.9582606833393108,0.9581668381844131,0.9580839397475144,0.9580078779122007,0.9579467843783855,0.9578960399446688,0.9578605319357669,0.957837720036945,0.9578294326735058,0.957843014535565,0.9578729654996877]}