{"power":[15.998440319254739,15.609110285416564,15.219891153352837,14.830946217972706,14.442404349212302,14.054411242737324,13.667108715117939,13.280604434073874,12.895057523062809,12.510762482418338,12.12774937750583,11.746281961219516,11.366660391556488,10.989088977799646,10.613787605502967,10.241055637518045,9.871008699926064,9.504043134461527,9.140366928560143,8.780310273846984,8.4241124908011,8.072013702630127,7.724388515048567,7.381511346753764,7.043661304660163,6.710996192760129,6.383871069627568,6.062510988512935,5.747311781232948,5.438326288454497],"mass_rate":[52.16651901097726,51.771564340660916,51.374436555942005,50.97476675690545,50.572131090373745,50.16613403223801,49.75635411918292,49.34229125802635,48.92353951629657,48.49995864946205,48.0708961626351,47.63614065665794,47.195518622511905,46.74869875414137,46.29536260900936,45.83535392810779,45.36817722880068,44.89391184056123,44.4122580336134,43.92311090761176,43.426214076670036,42.921311484309236,42.40846330569018,41.88754241331409,41.358429517168936,40.82072534161899,40.27453520240303,39.71965561868692,39.15634533172923,38.58394936630916],"eta":[0.43474297829947633,0.4359396860327632,0.43708800518379,0.4381854931174201,0.4392433685416242,0.4402597084019869,0.44123761826322616,0.44217884187156337,0.44308479122415867,0.4439583537065882,0.44480723167798003,0.4456377728759688,0.4464508645208705,0.4472556968880911,0.4480523826623379,0.4488459057389702,0.44965131615308657,0.4504685091609727,0.451321063000852,0.45221089243455304,0.45315077337940773,0.4541478639681764,0.45521956098426525,0.45639245711130305,0.45768238089182717,0.45909986289484345,0.46068188175810154,0.4624540319671186,0.46445299798202366,0.4667086887189707],"t":[1450,1440,1430,1420,1410,1400,1390,1380,1370,1360,1350,1340,1330,1320,1310,1300,1290,1280,1270,1260,1250,1240,1230,1220,1210,1200,1190,1180,1170,1160],"pi_c":[7.999545919358418,7.909315273268228,7.8191276693865674,7.72893282632975,7.638669614258358,7.548285503627395,7.457723853276,7.366917539895009,7.275814893863448,7.184404763315589,7.092599042659499,7.0003772696463855,6.907726354775648,6.814608907745846,6.7209919807263026,6.626866406155207,6.53217254314218,6.436937900637162,6.34113190676449,6.244756312844667,6.147790088973972,6.050213882057946,5.952052961298069,5.853305419092262,5.753972502085704,5.654017426220158,5.553472725239926,5.452329610400412,5.350643367970414,5.24834444030811],"pi_tc":[2.3671798584768786,2.367417783487572,2.3676379659502262,2.3678229800622352,2.367955515975858,2.3680198054682524,2.36799911531911,2.367876332929117,2.3676344629619352,2.367257401316288,2.3667280485949367,2.366029494915772,2.365144984103085,2.3640575736120453,2.362750343933725,2.3612067204475062,2.3594094691188316,2.3573452042807177,2.354997330754787,2.3523488356195994,2.34938250935531,2.3460810741179556,2.3424288672843345,2.338409496284626,2.3340065152976512,2.3292014070130147,2.323979060032393,2.318321984510409,2.3122165103439563,2.305639246917165],"pi_f":[2.988163615145696,2.954161787844698,2.920204752232578,2.886294196821834,2.8524266241360285,2.818598928874927,2.7848067110847676,2.7510411492459794,2.717298087868481,2.6835865318300987,2.6498869471430084,2.6162038851667457,2.5825435341869825,2.548902258530418,2.5152770990695412,2.481672678532234,2.4480744670036096,2.414495662861019,2.3809301944971932,2.347383596764508,2.3138520900742074,2.280331603264034,2.246832358745083,2.213354175531316,2.1798971952345703,2.146448107507027,2.11301571601513,2.0795944193967952,2.0461986880158114,2.0128029845257127],"g_norm_tc":[1,1.0000000000006737,1.0000000000051037,1.0000000000143814,1.0000000000254259,1.0000000000323788,1.0000000000300182,1.000000000018329,1.0000000000049851,1.0000000000000178,0.9999999999944486,0.9999999999117711,0.9999999995168752,0.9999999982632061,0.9999999950542836,0.9999999878927416,0.9999999733751819,0.9999999460612667,0.999999897530949,0.9999998151957199,0.999999680754125,0.99999946823153,0.999999141695642,0.9999986521874414,0.999997934125172,0.9999969004351956,0.9999954383202481,0.9999934018845009,0.9999906069301796,0.9999868159358816],"g_norm_tf":[0.99999999999989,0.9999988797603276,0.9999911174924901,0.9999701513330074,0.9999294680505046,0.9998625970659747,0.9997630997648692,0.9996245404439928,0.9994405021010251,0.99920467421086,0.9989105622956521,0.9985518314903071,0.9981222235838938,0.9976153986806704,0.9970250179459056,0.9963448955304935,0.9955684474669232,0.9946896998574806,0.9937022629883384,0.99260008541874,0.9913768559278459,0.9900262132719743,0.9885424092154808,0.9869193562690743,0.9851510054202949,0.98323053014071,0.9811522985503823,0.978909861761834,0.976498174965603,0.9739093082495416],"rpm_tc":[9999.846282816632,9970.169988727432,9940.180378520674,9909.845128396497,9879.126942433537,9847.989788131646,9816.394718701624,9784.295573362864,9751.65247977927,9718.445548109337,9684.613089887609,9650.127121265908,9614.961524273142,9579.076220017037,9542.430618873666,9504.995765518694,9466.713297191147,9427.570180500514,9387.52051375212,9346.532555861924,9304.559847234748,9261.55351670807,9217.489162070186,9172.324155997672,9126.013863963197,9078.4861005287,9029.709400629681,8979.621865655785,8928.199434117085,8875.331598787956],"rpm_ft":[2999.9025167857963,2975.3676962521845,2950.428600803262,2925.07864469497,2899.308489076354,2873.109288824708,2846.471305583218,2819.381685544409,2791.8303346347657,2763.8163829869954,2735.319101988938,2706.334045831219,2676.859366346825,2646.8855139462025,2616.4035198173005,2585.4104649109613,2553.887556437016,2521.8392127500383,2489.2535620556746,2456.1292370063147,2422.4564581886325,2388.224910659021,2353.437288854843,2318.0867846012748,2282.1669694817892,2245.657869431374,2208.560478159756,2170.861451111598,2132.5677945289676,2093.644854484374],"sigma":[0.8020456551643397,0.8054263508922941,0.8088304132146183,0.8122598339754525,0.8157169230252017,0.8192047391790599,0.8227261860992091,0.8262831274415876,0.8298769606806995,0.8335104331651537,0.8371878313905475,0.8409103403368371,0.8446771738657288,0.8484891914562939,0.8523481230210745,0.8562539943521701,0.8602076481835629,0.8642059288972797,0.8682490468475063,0.8723345949427141,0.8764626455434112,0.8806312067629984,0.8848350427220703,0.8890705120299642,0.8933334125679652,0.8976226027707203,0.901931811012039,0.9062549735638329,0.9105832450401246,0.9149124378714381]}