{"power":[12.237662999175589,11.940464169567354,11.63813157630963,11.330432587474434,11.016631078484458,10.696732231384496,10.370306314582198,10.03711819576137,9.69706810385031,9.349910402923243,8.995566246797328,8.634499960596116,8.267316451671995,7.894787031254766,7.51789576697589,7.137667981305266,6.755773686952924],"mass_rate":[51.59054952973956,51.32662749815636,51.04579456201732,50.74682083006059,50.4274634792215,50.08674120684569,49.72274364089915,49.333766444028655,48.91827592726087,48.47423690914855,47.99978518016621,47.49399889086344,46.95611851912948,46.38563453543407,45.782441655489194,45.14643802068923,44.47906349229649],"eta":null,"t":[1450,1440,1430,1420,1410,1400,1390,1380,1370,1360,1350,1340,1330,1320,1310,1300,1290],"pi_c":[6.516652928662171,6.459288883362792,6.399989397287184,6.338627692542115,6.27495061153782,6.208865024351458,6.140166132154325,6.06868157232775,5.99425663503856,5.916685587667219,5.835782724688512,5.751482408837803,5.663742390310988,5.572552583281884,5.477950091324667,5.379975964904151,5.2788542865652905],"pi_tc":[2.2248392707391584,2.223326544536206,2.221655798184522,2.219810791683356,2.2177690382703137,2.21551144002428,2.2130126613622725,2.2102469450502475,2.207185811429667,2.20379562668923,2.2000396177142147,2.1958831875942475,2.1912901897872556,2.1862237240473226,2.1806473126188113,2.1745227444923363,2.1678230169097494],"pi_f":[2.3324373647982557,2.3134786469904087,2.293963589266179,2.2738579244015136,2.2530873857141676,2.2316303651739,2.2094300854364777,2.186440139307624,2.1626213056598087,2.137918842150073,2.1122856701370214,2.0857132612705116,2.05820030157798,2.0297549663552132,2.000399239871989,1.9701551178442909,1.9390985936653151],"g_norm_tc":[0.9997933441169254,0.9997872283779139,0.9997803348810501,0.9997725511686548,0.9997637254943011,0.999753704285942,0.9997422865523969,0.9997292436822423,0.9997143027386594,0.9996971254106891,0.9996773057115028,0.9996543858717812,0.9996278244094186,0.9995969841400943,0.9995611209886539,0.9995193487428263,0.9994707076937478],"g_norm_tf":[0.9925086823372825,0.9918232241210112,0.9910752479139059,0.9902583134399294,0.9893635302673055,0.9883833115600857,0.9873076014870731,0.9861256876749115,0.9848260526081501,0.9833950121562229,0.9818177689663994,0.9800804657922131,0.978168582355823,0.9760671887406801,0.9737614575537097,0.971235790061448,0.9684787602031181],"rpm_tc":[9479.081826401518,9460.162750259735,9439.932941202456,9418.288698334194,9395.050934560713,9370.126607787704,9343.352128975006,9314.57363624755,9283.643866256409,9250.372544098283,9214.573774422926,9176.123125315517,9134.900321535988,9090.795292066185,9043.719569276476,8993.575780961646,8940.376955811553],"rpm_ft":[2545.9882155933556,2524.9910466362808,2503.281598076811,2480.808896520622,2457.4796931475144,2433.2488333872725,2408.032965979768,2381.7563008581665,2354.344905461278,2325.7051233953075,2295.7455884903,2264.4109282014138,2231.6502220242764,2197.4197390689737,2161.688155393615,2124.4225649058076,2085.6500928966516],"sigma":[0.3857185930093379,0.38709958906007247,0.38857828644899217,0.3901632412200938,0.3918691441062559,0.3937038522514421,0.3956813637087973,0.3978150459364298,0.4001181896807055,0.4026084100210677,0.40530193325940916,0.4082136698697687,0.4113546976183084,0.4147372327994443,0.41837436791761684,0.42227603398355096,0.4264464542435608]}