{"power":[15.9894432171579,15.26056816370426,14.532384063586964,13.805613293144843,13.08107204537424,12.3595112895358,11.642008013657968,10.92996115247694,10.224680346364988,9.528008121420687,8.84153642541102,8.167205937224052,7.506943695155862,6.862851499942604,6.236966900586798,5.631556341311533,5.048664325575878,4.4905327072358565,3.9593347533101793,3.4571023849716944],"mass_rate":[52.69590267688248,52.00406910707848,51.30221033303448,50.58745109816858,49.85693481704012,49.10771272849541,48.3372682240131,47.543423861501864,46.723703767546496,45.87665907899509,45.00019425935368,44.09300573627065,43.153768077369634,42.18155962943675,41.175466345706276,40.13515681781706,39.06022661095575,37.95136618684843,36.80981191445665,35.63729299133064],"eta":[0.4454686782564991,0.4413246072889111,0.43676178205526855,0.4317767484944435,0.42635315591643247,0.42045678036685336,0.41408422741982476,0.4072108347019272,0.3997979218930265,0.39183836119743964,0.3833062949463161,0.3741611152051668,0.3643794649511022,0.3539207218412237,0.34275708712355646,0.33084629403940297,0.3181490775849659,0.30462767147682396,0.29024441385504063,0.2749531650156465],"t":[1450,1430,1410,1390,1370,1350,1330,1310,1290,1270,1250,1230,1210,1190,1170,1150,1130,1110,1090,1070],"pi_c":[6.4979406639620265,6.366174640490322,6.234129782295361,6.101491318341155,5.967959774883638,5.833237589315656,5.697084604282825,5.559314697761507,5.4197173077848895,5.278206547968448,5.134631217455504,4.988941649713925,4.841089487969695,4.691080981899003,4.538926917888467,4.3847107903316145,4.228511245356304,4.070530465284197,3.9110303471664927,3.750325390655212],"pi_tc":[2.0662312361468427,2.06657726494068,2.0668332681295856,2.066910062780524,2.06671751198006,2.066170632287353,2.0651803731959304,2.063652952283896,2.0614918785880225,2.058601506746465,2.0548803054678575,2.0502348685027734,2.044565139935349,2.0377698243242777,2.0297455119965826,2.0203858962877685,2.009585863836229,1.9972533913316826,1.9833049705619261,1.9676676357817156],"pi_f":[2.780783085459478,2.7239378571203074,2.66710854196855,2.610265675754486,2.5533777072977926,2.4963977121157983,2.43929864483406,2.382072033728512,2.3246913555822317,2.267171582541864,2.209494992646717,2.1516672206771252,2.093690360231193,2.0355796378094473,1.9773424722714656,1.919008593400722,1.8605922916074606,1.802138383638719,1.74370085317094,1.6853398984766137],"g_norm_tc":[0.9999999999999999,1.0000000000031637,1.0000000000174487,1.0000000000251894,1.00000000000906,0.9999999999999672,0.9999999998978685,0.999999998522098,0.9999999908795293,0.9999999620579153,0.9999998752594466,0.9999996512035908,0.9999991338549982,0.9999980373482759,0.9999958664772723,0.9999918012377225,0.9999845371311663,0.999972082560665,0.9999514952381655,0.9999185619451971],"g_norm_tf":[0.9999999999774547,0.9999933025276714,0.9999476375466142,0.9998245906472369,0.9995855206757974,0.9991912152159999,0.9986018194714809,0.9977769317870766,0.9966750914207634,0.9952548369518014,0.9934733356170922,0.9912876236725557,0.9886540772071357,0.9855292645759789,0.9818691613049683,0.9776312036624439,0.9727722075326728,0.9672522965184681,0.9610344817892902,0.9540852092555944],"rpm_tc":[9999.153519373707,9942.181138099959,9883.964002863533,9824.227552760776,9762.687798556151,9699.040030258288,9633.000883451967,9564.299016096098,9492.618013368965,9417.707893630708,9339.23746259178,9256.916015618453,9170.418337180967,9079.418413849417,8983.548220185663,8882.445470820665,8775.685580467427,8662.887923029315,8543.66055439624,8417.590071954191],"rpm_ft":[2999.3400559076117,2953.0547224163283,2905.317161663266,2856.054531236656,2805.190587680241,2752.633303579404,2698.3020198691133,2642.1297019891745,2584.031719203372,2523.957087446714,2461.8249791983767,2397.576257911971,2331.143346808123,2262.469818379679,2191.487882294753,2118.153379361777,2042.3966649322156,1964.176670872582,1883.4553734325286,1800.1913659341305],"sigma":[0.8111737022308583,0.811580108064278,0.8120205818743078,0.8125043547567747,0.8130324398767458,0.8136056384410824,0.8142263630748002,0.8149073006994384,0.8156528144675375,0.8164652325708593,0.8173535307224311,0.8183247507948832,0.819378728105857,0.8205244570839005,0.8217649319161002,0.823107125119533,0.8245574959904265,0.826119142280558,0.827789674276628,0.8295643247967012]}