{"power":[15.989443217157914,15.260568163704278,14.532384063586944,13.805613293144775,13.081072045374224,12.359511289535746,11.642008013657962,10.929961152476945,10.224680346364933,9.528008121420672,8.841536425411048,8.167205937224088,7.506943695155862,6.862851499942613,6.2369669005868165,5.631556341311534,5.048664325575844,4.490532707235853,3.959334753310215,3.4571023849716673],"mass_rate":[52.69590267688252,52.00406910707851,51.302210333034445,50.587451098168486,49.85693481704012,49.107712728495265,48.33726822401309,47.54342386150189,46.72370376754639,45.87665907899507,45.00019425935373,44.09300573627075,43.15376807736964,42.18155962943675,41.17546634570631,40.13515681781708,39.06022661095567,37.95136618684842,36.809811914456766,35.63729299133055],"eta":[0.4454686782564988,0.44132460728891154,0.43676178205526844,0.4317767484944429,0.4263531559164319,0.4204567803668534,0.41408422741982476,0.4072108347019271,0.39979792189302565,0.3918383611974393,0.3833062949463166,0.3741611152051672,0.364379464951102,0.35392072184122414,0.3427570871235571,0.3308462940394028,0.3181490775849652,0.3046276714768241,0.29024441385504157,0.2749531650156456],"t":[1450,1430,1410,1390,1370,1350,1330,1310,1290,1270,1250,1230,1210,1190,1170,1150,1130,1110,1090,1070],"pi_c":[6.49794066396203,6.3661746404903266,6.234129782295358,6.101491318341142,5.967959774883637,5.833237589315642,5.697084604282822,5.55931469776151,5.419717307784875,5.278206547968446,5.13463121745551,4.988941649713937,4.841089487969695,4.691080981899003,4.53892691788847,4.384710790331616,4.228511245356295,4.070530465284195,3.911030347166504,3.7503253906552017],"pi_tc":[2.066231236146843,2.0665772649406806,2.0668332681295856,2.0669100627805235,2.06671751198006,2.0661706322873528,2.06518037319593,2.0636529522838964,2.0614918785880216,2.058601506746465,2.0548803054678575,2.0502348685027743,2.044565139935349,2.0377698243242772,2.0297455119965826,2.020385896287769,2.0095858638362283,1.9972533913316826,1.9833049705619272,1.9676676357817136],"pi_f":[2.7807830854594795,2.7239378571203083,2.667108541968548,2.6102656757544813,2.5533777072977917,2.4963977121157916,2.4392986448340594,2.382072033728513,2.3246913555822273,2.2671715825418626,2.20949499264672,2.151667220677129,2.093690360231193,2.0355796378094473,1.9773424722714672,1.9190085934007226,1.860592291607457,1.8021383836387181,1.743700853170944,1.6853398984766101],"g_norm_tc":[0.9999999999999999,1.0000000000031637,1.0000000000174487,1.0000000000251894,1.00000000000906,0.9999999999999672,0.9999999998978685,0.999999998522098,0.9999999908795293,0.9999999620579153,0.9999998752594466,0.9999996512035908,0.9999991338549982,0.9999980373482759,0.9999958664772723,0.9999918012377225,0.9999845371311663,0.999972082560665,0.9999514952381655,0.9999185619451971],"g_norm_tf":[0.9999999999774547,0.9999933025276714,0.9999476375466142,0.9998245906472368,0.9995855206757974,0.9991912152159999,0.9986018194714809,0.9977769317870766,0.9966750914207634,0.9952548369518013,0.9934733356170923,0.9912876236725559,0.9886540772071357,0.9855292645759789,0.9818691613049684,0.9776312036624439,0.9727722075326725,0.967252296518468,0.9610344817892906,0.954085209255594],"rpm_tc":[9999.15351937371,9942.18113809996,9883.96400286353,9824.227552760769,9762.68779855615,9699.040030258277,9633.000883451967,9564.299016096098,9492.618013368956,9417.707893630706,9339.237462591786,9256.91601561846,9170.418337180969,9079.418413849417,8983.548220185665,8882.445470820669,8775.68558046742,8662.887923029315,8543.66055439625,8417.59007195418],"rpm_ft":[2999.340055907613,2953.0547224163306,2905.3171616632644,2856.054531236652,2805.19058768024,2752.6333035793987,2698.3020198691124,2642.1297019891754,2584.0317192033676,2523.9570874467126,2461.8249791983794,2397.576257911975,2331.143346808123,2262.4698183796804,2191.4878822947553,2118.1533793617778,2042.3966649322103,1964.1766708725802,1883.455373432534,1800.191365934126],"sigma":[0.8111737022308583,0.8115801080642779,0.8120205818743079,0.8125043547567751,0.8130324398767456,0.8136056384410829,0.8142263630748001,0.8149073006994384,0.8156528144675379,0.8164652325708595,0.8173535307224311,0.8183247507948831,0.8193787281058567,0.8205244570839005,0.8217649319161003,0.8231071251195325,0.824557495990427,0.8261191422805578,0.8277896742766274,0.8295643247967014]}