{"power":[15.989162221654718,15.253501764480761,14.519594825073867,13.78807316400502,13.059913638652121,12.336024488916348,11.617422790918909,10.905500885026148,10.201780456238371,9.507852486853562,8.82546200299119,8.156409199342663,7.502651149610084,6.866099675561918,6.248835754131801,5.652883286249273,5.08023167024285,4.53283014918872,4.01258885413538,3.521236477972066],"mass_rate":[56.95817752214897,56.248786421712246,55.529332445482005,54.7968254671531,54.04878581643266,53.28267694862411,52.496001840617545,51.68674809928653,50.853082650946625,49.993363498254766,49.1061689669802,48.1903944204555,47.24531869031153,46.27023435400769,45.265125265664835,44.229976792782345,43.16533147599539,42.072360855365,40.9529942385297,39.80963475913899],"eta":[0.4230384616286944,0.4186603294736212,0.41387915613081905,0.40868776353102476,0.40307152158069276,0.3970052443880851,0.3904829659170138,0.38347190140639764,0.37595282571430677,0.36791030245896084,0.3593308327881077,0.3501780673067546,0.3404391107607941,0.3300776075443144,0.3190810206658569,0.30741670516124,0.2950635388075838,0.2820013044615602,0.2682141592610976,0.25367816695574263],"t":[1450,1430,1410,1390,1370,1350,1330,1310,1290,1270,1250,1230,1210,1190,1170,1150,1130,1110,1090,1070],"pi_c":[5.998135955629982,5.8805630023881035,5.762755288572192,5.644432229299407,5.525376831195861,5.40537529153378,5.284222962512191,5.1617771310800435,5.037917706027249,4.912549293089939,4.785604310854669,4.6570543906581925,4.5269099854561015,4.395189492088575,4.261978009420244,4.12736539040086,3.991493936502332,3.8545644903791154,3.716845665496348,3.578646228076704],"pi_tc":[2.075800581069015,2.076151628079152,2.0764209502407454,2.0765274408756444,2.076389472275083,2.075931172853353,2.0750726018802284,2.0737297384304196,2.0718179509511803,2.0692526461597924,2.065946896683679,2.061821909442286,2.056794847375693,2.050782009469717,2.0437030949438912,2.0354738120792355,2.0260178314404342,2.0152706008214594,2.003179624576488,1.9897042535008793],"pi_f":[2.5550592216102594,2.504552464022179,2.4540593993466273,2.4035484610654017,2.353007863678317,2.30241282745483,2.2517394271990403,2.2009865466550327,2.15015501769801,2.099247750388138,2.0482734104115,1.9972409156738073,1.9461718110495287,1.8950837140132604,1.8440118027550625,1.792989281813606,1.742057577806117,1.691267258531722,1.6406839464883867,1.5903786390202288],"g_norm_tc":[0.9999999999999999,1.000000000003261,1.0000000000188574,1.0000000000306,1.000000000016078,1.000000000000139,0.9999999999659921,0.9999999992420915,0.9999999946542949,0.9999999763275537,0.9999999194788131,0.9999997703667234,0.9999994232474998,0.9999986850127645,0.9999972240826206,0.9999944960763857,0.9999896472993437,0.9999813931976431,0.9999678706320614,0.9999464652472124],"g_norm_tf":[0.9999999999787668,0.9999939403066063,0.9999526376740944,0.9998413379664994,0.9996251479853927,0.9992688417004234,0.998736703924557,0.9979927491459508,0.9970006843682698,0.9957239612484784,0.9941259772110965,0.9921700745087635,0.9898202308226274,0.9870407002594855,0.9837974472668132,0.9800576294602159,0.9757906454221195,0.9709689272626009,0.9655694398106408,0.9595737511381696],"rpm_tc":[9999.155269985544,9943.153463700695,9885.989284817257,9827.393393321454,9767.127146563469,9704.93639292676,9640.557198716338,9573.750224466428,9504.274545302977,9431.88664139277,9356.340660924536,9277.394398708275,9194.812710764863,9108.333620838514,9017.723803878516,8922.716534144956,8823.057379354308,8718.51011403236,8608.869545285286,8493.93657661984],"rpm_ft":[2999.3224858564668,2952.5988484914037,2904.4646358087375,2854.844472815218,2803.6773224835324,2750.8885866780342,2696.4012851035945,2640.1572805497854,2582.1011527623405,2522.176097130177,2460.3321609584787,2396.519290255231,2330.6989383918485,2262.826703084785,2192.8771241806858,2120.823856962613,2046.6445956829602,1970.3244311595552,1891.8621188514203,1811.2552525636827],"sigma":[0.8108602083124157,0.8111946100627625,0.8115723610518923,0.8119868377615743,0.8124453297403716,0.8129475231203502,0.8134991820020587,0.8140943882504302,0.8147429935794855,0.8154447815076497,0.8162119973616379,0.81704868857575,0.8179568620083923,0.8189408188994503,0.8200008532578116,0.8211401782683283,0.8223642053314908,0.8236754275048783,0.8250719226483728,0.8265433093456336]}