{"power":[19.677248499299427,19.30779111816061,18.93851192069629,18.569398845695865,18.20046007583282,17.831625204632626,17.46293279537281,17.09435065806805,16.72582820610546,16.35741661477008,15.989162469475836,15.621143036975994,15.253502007394065,14.8863275185752,14.519595063077393,14.153466945737668,13.788073396805741,13.423500783882218,13.059913866010318,12.69741406406108,12.336024710741238,11.975975200519224,11.61742300686283,11.260506371936161,10.905501094807793,10.552592216754288,10.201780659677919,9.853459921940917,9.507852683527128,9.165104541377827,8.825462192642549,8.489146015947831,8.15640938167262,7.827492461895469,7.502651324314751,7.182088285945234,6.866099842330795,6.554960002814027,6.248835912754381,5.948055062148157,5.652883436432534,5.363519562434637,5.0802318118324745,4.803245043322379,4.53283028200311,4.2691791608481715,4.012588977941394,3.763183076733566,3.5212365926760945,3.286930368420198],"mass_rate":[60.45874463962284,60.1046881033169,59.75283451642713,59.40272636310871,59.05383440707957,58.70558941027273,58.35759695129751,58.009328108832555,57.66020608748984,57.30994740313298,56.95817829347396,56.60453662148565,56.24878718611613,55.890567702200244,55.529333204107104,55.164848875991474,54.79682622051387,54.424886042781516,54.04878656508111,53.66821536775529,53.282677693392586,52.89203730612433,52.49600258176939,52.09427377633956,51.686748837155925,51.27321835837692,50.85308338602167,50.426511909846404,49.99336423045743,49.55327915601655,49.10616969650987,48.651902412394904,48.190395147341754,47.72155072676899,47.245319414469286,46.76152374012631,46.27023507522852,45.77151103963723,45.26512598386877,44.75124274499364,44.229977507528204,43.70127960042461,43.165332187060855,42.62226024813326,42.07236156228281,41.5157657223445,40.952994940455184,40.38408152476076,39.80963545540458,39.2299661900274],"eta":[0.43927713874989305,0.43806238428518735,0.4367578284383766,0.4353677987198311,0.4338880638525584,0.43231079737824873,0.4306432992115165,0.4288854993311464,0.42703032266069024,0.4250818816247679,0.42303846132053047,0.42089750867990056,0.41866032926165836,0.41631914824541527,0.41387915601465824,0.4113349375337673,0.40868776351093583,0.4059348036820347,0.4030715216564086,0.40009412261517135,0.3970052445638157,0.3938046078563787,0.3904829661907322,0.3870408250013328,0.3834719017807583,0.3797753629442539,0.37595282619440046,0.3719951607554453,0.36791030304491434,0.36368932376156565,0.3593308334847788,0.3548280689660544,0.35017806811598834,0.3453823162741747,0.34043911168790736,0.33533672315518714,0.3300776085918014,0.32466279151984456,0.3190810218416201,0.31333323699161286,0.307416706469077,0.3013291592458359,0.29506354025378934,0.2886228576887446,0.2820013060520139,0.27519816403840847,0.26821416099874784,0.2610398283994628,0.25367816884587563,0.24613116201857302],"t":[1550,1540,1530,1520,1510,1500,1490,1480,1470,1460,1450,1440,1430,1420,1410,1400,1390,1380,1370,1360,1350,1340,1330,1320,1310,1300,1290,1280,1270,1260,1250,1240,1230,1220,1210,1200,1190,1180,1170,1160,1150,1140,1130,1120,1110,1100,1090,1080,1070,1060],"pi_c":[6.592900961328233,6.53211701963655,6.471767302103517,6.4117994615382905,6.352156141774891,6.29277679641051,6.2336174793672905,6.174621906071154,6.115730822564929,6.056914653018849,5.998135996991178,5.93935950007474,5.880563043228415,5.821713177599513,5.762755329015411,5.703670257809179,5.644432269407248,5.585007415971736,5.525376871035298,5.465514603218208,5.405375331197148,5.344951909769644,5.2842230020357155,5.223165275703379,5.1617771705068725,5.100045449725579,5.037917745415781,4.975421158251829,4.912549332442389,4.849276729133553,4.785604350200758,4.721529524711026,4.657054430011174,4.5921793928861145,4.526910024817589,4.4612409925779435,4.395189531448609,4.328771708527581,4.261978048780528,4.1948351808040885,4.1273654297288065,4.05957529684235,3.9914939757856507,3.9231439016921428,3.854564529581843,3.7857788137146517,3.716845704547107,3.647779554312919,3.5786462669199253,3.509483884514199],"pi_tc":[2.0755741388143707,2.075316504495063,2.0751497559574106,2.075062873614509,2.0750448715994625,2.0750847526686385,2.0751721166460593,2.0752967030542875,2.0754485829080638,2.075619676715923,2.0758005893197575,2.075981275029673,2.0761516363475154,2.0763015717429183,2.07642095855345,2.0764996805985145,2.0765274492579735,2.076494063391765,2.076389480751164,2.0762051826291965,2.0759311814468084,2.0755571329773472,2.075072610613159,2.0744669565668734,2.0737297473238643,2.0728505344409616,2.071817960025787,2.070622196679803,2.069252655434243,2.067697477482342,2.0659469061766442,2.063991888921395,2.0618219191713942,2.059426336924396,2.0567948573566937,2.0539167527196764,2.0507820197170594,2.047381235725887,2.0437031054715638,2.0397371115987717,2.0354738228978717,2.030903395909071,2.026017842560799,2.0208090371279837,2.015270612251071,2.009395320445706,2.0031796363178356,1.9966164961780475,1.9897042655551285,1.9824367532818292],"pi_f":[2.8087209620885205,2.783171130728914,2.757679205984025,2.7322407543720493,2.706848609532449,2.6814937121385225,2.65617276810623,2.6308765368743363,2.60559359527562,2.580322382178952,2.555059229073261,2.5298016752542023,2.5045524714417224,2.479309056207596,2.454059406744462,2.4288060493894155,2.4035484684416524,2.3782820323761054,2.3530078710388573,2.3277218473049555,2.3024128348184014,2.27708584754859,2.2517394345645703,2.226371025700813,2.2009865540274682,2.175586489015383,2.1501550250910904,2.124708121619179,2.0992477577954762,2.073768459585093,2.0482734178401585,2.022763079335795,1.997240923126497,1.9717092664941072,1.946171818527318,1.9206274933982173,1.89508372151487,1.869546443433836,1.8440118102859064,1.8184903406109552,1.792989289368441,1.7675089836334485,1.7420575853892564,1.7166401170903163,1.6912672661406765,1.6659430248471905,1.6406839541094762,1.6154898152240322,1.5903786466474519,1.5653599074780455],"g_norm_tc":[0.9999999999988597,0.9999999999897483,0.9999999999755553,0.9999999999646324,0.9999999999620239,0.9999999999676384,0.999999999977946,0.9999999999884717,0.9999999999959478,0.9999999999993958,0.9999999999999999,1.0000000000004008,1.000000000003261,1.0000000000097888,1.0000000000188574,1.0000000000271696,1.0000000000306,1.0000000000265084,1.000000000016078,1.0000000000050644,1.000000000000139,0.9999999999985982,0.9999999999659922,0.9999999997955865,0.9999999992420923,0.9999999978203742,0.9999999946542985,0.9999999882737866,0.9999999763275657,0.9999999551854651,0.9999999194788458,0.9999998614990123,0.9999997703668017,0.9999996310608336,0.9999994232476692,0.9999991197710403,0.9999986850131035,0.9999980729173688,0.9999972240832585,0.9999960632153319,0.999994496077525,0.9999924053206635,0.9999896473012911,0.9999860467746932,0.9999813932008461,0.9999754334340404,0.9999678706371485,0.9999583502955351,0.999946465255045,0.9999317341410773],"g_norm_tf":[1.0007264722030893,1.000527774481899,1.0003693937630522,1.0002465902962183,1.0001546970592896,1.0000891263406457,1.000045374646913,1.000018980655284,1.0000055332761677,1.000000659354888,0.9999999999787682,0.9999992071170013,0.9999939403127409,0.9999798654754928,0.9999526376979466,0.9999079122374046,0.9998413380192107,0.9997485403398786,0.999625148077703,0.9994667506546658,0.9992688418428277,0.9990269913058162,0.9987367041271348,0.9983934377155192,0.9979927494185072,0.9975301268066264,0.9970006847205122,0.9964001359123277,0.995723961689424,0.9949674191890387,0.9941259777497472,0.9931950272557947,0.9921700751537141,0.991046613985022,0.989820231582055,0.9884863085661919,0.9870407011410559,0.9854793015015219,0.9837974482781581,0.9819914628857916,0.9800576306078247,0.9779918248623188,0.975790646712666,0.9734506056668835,0.9709689287016701,0.9683424189673167,0.9655694414018581,0.9626468250966679,0.9595737528849548,0.9563488127893862],