{"power":[15.285806836353766,15.248717753852192,15.211952915277694,15.175504419413185,15.139402197356878,15.103672114869244,15.06834063732263,15.033451714443723,14.999075409812919,14.96524555483613,14.932006337210336,14.899405898206076,14.86756309737444,14.836577851178772,14.80656514209338,14.77766566479322,14.750056111721891,14.723943641459503,14.699636630144663,14.677539811319361,14.658161586322935,14.642272532902187,14.631040729281585,14.626511708837613,14.632731343890445,14.661184334249059,14.876409598474527,14.792430526756952,14.708482268126078,14.62455448873633,14.540678553119525,14.456823782239418,14.372992923131097,14.289189285154078,14.205406536170912,14.12167070893118,14.037990198895077,13.954349032643604,13.870753878927262,13.787208305558936,13.703706867659676,13.620257403654739,13.536860441066622,13.453522226544344,13.370247633384006,13.287028067626236,13.203865122824885,13.12076441286365,13.037724098370703,12.954750449639077,12.871852239209703,12.789022893366528,12.706262820431025,12.623574588694101,12.54096026614432,12.458422731251641,12.37596266065065,12.293573599146162,12.211268821503134,12.129048462083652,12.046915398265755,11.964870867947965,11.882915524518978,11.80105847580195,11.719314640405104,11.637679135955224,11.556132957026762,11.47467887911277,11.39332970457173,11.312077619238378,11.230934757812898,11.149906722860164,11.068990680978144,10.988192065058282,10.90750619659816,10.826940059432042,10.746498137835133,10.666184761867806,10.586005670572622,10.505950053221534,10.426023778998664,10.346234141120828,10.266588747867228,10.187083561131942,10.10771725575332,10.028480306809918,9.949388670364185,9.870441115735524,9.791643018715448,9.713006850437488,9.634538506237014,9.556227612804769,9.478078123959499,9.400088380092443,9.322242248357451,9.244564990394602,9.167055018155526,9.0897131679173,9.012546891623776,8.935555484445963],"mass_rate":[54.06878466224865,54.06555072447529,54.062848919178556,54.060671374099755,54.05906866862666,54.058087885288636,54.0577847167353,54.05825250478453,54.059575355585636,54.06184984032362,54.06515048004691,54.06956562975248,54.07531968922537,54.082591930371265,54.09159701614649,54.102596892311375,54.11591666955891,54.13196482856485,54.151266390505235,54.174585889095134,54.20286406719803,54.23751408033696,54.28068853317438,54.336127239962416,54.41129382626082,54.527206649839314,54.98470988929628,54.896081398085464,54.80723718567492,54.71817311345067,54.628887875718824,54.53937663690279,54.44961601753784,54.35960491993899,54.26932649777654,54.178825454929935,54.08810426269756,53.99713880713794,53.90592715820276,53.81446734421962,53.72275628395683,53.630790226630126,53.538567365177634,53.44609964404123,53.3533786035037,53.26039192315297,53.167135416927486,53.0736071854359,52.979806656299964,52.88573102427847,52.79139362562796,52.69678075638109,52.601878542837,52.50669047494225,52.41121402963567,52.31544578584106,52.219383348368346,52.12300669858755,52.026332908227445,51.929359731265386,51.83208381797874,51.734501829561744,51.63661160023106,51.5384190401298,51.43995208840332,51.341192509500246,51.24209348995594,51.14266018501224,51.04290366479819,50.94280758700096,50.84238821408358,50.741644640894776,50.640574673126565,50.53917356859734,50.43743537501354,50.335361893133374,50.23295325893556,50.13022699282457,50.027169521723735,49.92376340892005,49.820012764571345,49.71591756103096,49.61150155034625,49.50673657286434,49.40161754998888,49.2961241916711,49.19027425928757,49.08406534739233,48.977498129235855,48.870590085402874,48.76335024019595,48.65574671099242,48.54778011207719,48.43944585749705,48.33069748771295,48.22158129039437,48.11209240237628,48.00221829929849,47.89197428419241,47.78135172334199],"eta":null,"t":[1450,1448,1446,1444,1442,1440,1438,1436,1434,1432,1430,1428,1426,1424,1422,1420,1418,1416,1414,1412,1410,1408,1406,1404,1402,1400,1398,1396,1394,1392,1390,1388,1386,1384,1382,1380,1378,1376,1374,1372,1370,1368,1366,1364,1362,1360,1358,1356,1354,1352,1350,1348,1346,1344,1342,1340,1338,1336,1334,1332,1330,1328,1326,1324,1322,1320,1318,1316,1314,1312,1310,1308,1306,1304,1302,1300,1298,1296,1294,1292,1290,1288,1286,1284,1282,1280,1278,1276,1274,1272,1270,1268,1266,1264,1262,1260,1258,1256,1254,1252],"pi_c":[7.998789768225638,7.992384938088446,7.986056638743692,7.979803483524242,7.973632748442724,7.967551254811857,7.961567012148578,7.955693587523692,7.949943125411238,7.944329407791835,7.938863274586456,7.933557565843937,7.928444730563646,7.92355066912099,7.918906426290579,7.914549801178828,7.91052761411074,7.9068991217746065,7.903740367237165,7.901162025547016,7.899300416370259,7.898360407356049,7.898654194153873,7.900724544242744,7.905655479325743,7.916502568326208,7.977048127487275,7.958046163907107,7.939029322454481,7.919997046549785,7.900949345920875,7.881885435585345,7.862801948066599,7.843698979287722,7.82457425098811,7.805434256072784,7.786279435767768,7.767106244705013,7.747914657126594,7.728704485456941,7.709475367463125,7.690226820178394,7.670958684816159,7.651672939371124,7.632368351283424,7.6130431420416125,7.5936967726021045,7.574329081354611,7.55494022998014,7.535529949408387,7.516100008476253,7.496648669319712,7.477174119805795,7.457676926608287,7.438156882084201,7.418613502539821,7.399046672425489,7.379453657087094,7.359837005561477,7.340196566657915,7.320531872025261,7.300842476183702,7.281128240567339,7.261390134138139,7.241632262999883,7.221852191662738,7.202043385852131,7.182206797800893,7.1623440731330055,7.142453024039596,7.1225361238503675,7.102593395132529,7.082624695203338,7.062629270413318,7.042606141011489,7.022555981418763,7.0024789572906965,6.982377716356853,6.96225048161718,6.9420949476842315,6.921911822161589,6.901701237325137,6.881466628062033,6.861204212407605,6.840913394853043,6.820591417997123,6.800240802070405,6.779861308595181,6.759453408076397,6.739019649600149,6.71856142602414,6.6980744076056835,6.677558876436633,6.657014278895753,6.636434396274994,6.615825800076382,6.595187860914094,6.574519095851915,6.553821849845616,6.533094835308444],"pi_tc":[2.427774099938115,2.4278026056483384,2.427830896009842,2.427858984920276,2.4278868948721133,2.427914673784984,2.4279423702082585,2.427970051335274,2.427997773429024,2.4280256465157795,2.428053708784032,2.4280820449653855,2.428110857011895,2.4281402241820826,2.4281704066044614,2.428201576275852,2.4282339303878873,2.4282680320990164,2.4283041495283006,2.4283428123210427,2.4283848928467555,2.428431204648641,2.4284833306156197,2.4285438429182324,2.4286174562104406,2.4287173074508974,2.429014573855006,2.4289933854057315,2.428967773157071,2.4289377222109088,2.428903056506972,2.4288635225069175,2.4288191960802816,2.4287697501001166,2.428715107103075,2.428655279129141,2.428589881229561,2.428519040489469,2.4284424929851145,2.428359994121895,2.428271757704662,2.42817735335531,2.4280767147025104,2.4279699133861614,2.427856518320717,2.427736613963861,2.4276099857717375,2.4274763877531904,2.427335956427647,2.4271882996626966,2.427033384555723,2.4268711854493805,2.426701331488927,2.4265238789019126,2.4263386173835553,2.426145364587061,2.425944108811783,2.4257345599134434,2.425516653194699,2.425290342317073,2.4250553666717187,2.4248116416016443,2.424559051482537,2.424297391485296,2.424026745270573,2.423746840814311,2.4234574104089863,2.4231584677418896,2.4228497281659247,2.422531167353008,2.4222026529414804,2.421863952521025,2.421515145773336,2.4211558487565776,2.4207860647057844,2.420405626181413,2.4200143652605406,2.4196127070121967,2.4191998981222955,2.4187761002625057,2.4183411589256227,2.4178946839293225,2.417437084902367,2.4169677220929597,2.4164865761665575,2.4159936185175113,2.4154884743907528,2.414971209313347,2.414441650728047,2.413899665212845,2.413345262190005,2.4127780665585883,2.412197932524647,2.411604869213525,2.410998406537448,2.4103785841286833,2.4097453828165847,2.409098407754231,2.4084378159091737,2.407763341005203],