{"power":[15.553456043490689,15.167560288369625,14.78196438052669,14.396796854692582,14.01214837717447,13.628174327949875,13.244940976739864,12.862646542137345,12.481544778864896,12.101667439034228,11.723300506520017,11.346678898835926,10.972013605849375,10.59954610302776,10.229492398986546,9.862054072037939,9.49760745246268,9.136340805808166,8.778552782594172,8.424428637018242,8.074293880215567,7.728456277472657,7.387227712905638,7.050835767718592,6.719446421230219,6.393431674376149,6.07301031900607,5.758556314691164,5.450105069262472,5.1481883416348415],"mass_rate":[50.86778551413414,50.48009055094445,50.08980989066373,49.69651915261023,49.29974948314434,48.899128552589346,48.494125753840294,48.084433959052774,47.66983257882402,47.24971507134944,46.8239287679641,46.39221400996976,45.954255545125264,45.50980762846685,45.05856092989285,44.60017889771514,44.134700614458126,43.66179747369699,43.181381409741135,42.693062024066556,42.196775356636955,41.6924301956014,41.1799680662137,40.6591658661583,40.12964759424081,39.59152289952862,39.04458163468923,38.48900668277295,37.92412590642443,37.35054376052764],"eta":null,"t":[1450,1440,1430,1420,1410,1400,1390,1380,1370,1360,1350,1340,1330,1320,1310,1300,1290,1280,1270,1260,1250,1240,1230,1220,1210,1200,1190,1180,1170,1160],"pi_c":[7.875716290315156,7.786482044546714,7.697221540450691,7.607876089714895,7.5183779208844275,7.428678363365241,7.338704733878576,7.248419365506112,7.15779860370106,7.066761713574829,6.97529566734104,6.88337310191936,6.790960129577638,6.698032297191725,6.604558309168573,6.510503164822547,6.415885359028537,6.320673314749804,6.224867586888293,6.128428893806109,6.031364637310494,5.933679206508187,5.835381572413654,5.736456726863682,5.636870256006499,5.536657632813773,5.435808034906258,5.334366920190512,5.232261773403724,5.129597408548353],"pi_tc":[2.344598667689416,2.344804341939175,2.3449700389438104,2.345079166089018,2.3451151932138026,2.345062518809938,2.3449055946358923,2.344628052370379,2.344213700955033,2.343646462981524,2.3429102612503425,2.3419887049255776,2.340865293682814,2.3395236373477997,2.3379471958936278,2.3361191547905165,2.334023982189283,2.33164683326863,2.3289727328758834,2.325983600751597,2.3226631653634726,2.3189950899765894,2.314963311419574,2.310550728372765,2.305738957354085,2.3005126712048396,2.2948544061822647,2.288749627019875,2.2821760541022393,2.2751211260104265],"pi_f":[2.970242060493802,2.9363307377667596,2.9024649428850298,2.8686411022080796,2.8348511907417273,2.801092330530061,2.7673516339278175,2.7336294824387215,2.6999304026513076,2.6662363351318947,2.6325538352804148,2.5988834814551587,2.5652225707526,2.5315708973268114,2.497924888480354,2.4642789001573,2.4306452331282062,2.3970156465711137,2.363393345183645,2.329768653256264,2.2961467832305944,2.2625309495786574,2.2289249294122793,2.195323409299103,2.161713804417204,2.1281063811482333,2.0944947121102926,2.060890384621802,2.027265428200193,1.9936506223630759],"g_norm_tc":[0.9999999999999997,1.0000000000003824,1.0000000000025597,1.0000000000057432,1.0000000000071938,1.0000000000051446,1.0000000000013982,1,0.999999999996182,0.9999999999467983,0.9999999997106847,0.9999999989434648,0.9999999969271364,0.9999999923110396,0.9999999827340256,0.9999999642910613,0.9999999308314587,0.9999998730345797,0.9999997772006657,0.9999996235354776,0.9999993842865946,0.9999990212276939,0.99999848265929,0.9999976995088171,0.9999965805222671,0.9999950078212532,0.9999928294016851,0.9999898533886786,0.999985833759377,0.9999804690580876],"g_norm_tf":[0.9999971920648606,0.9999856158414456,0.9999588715067507,0.9999106626167672,0.9998347186825157,0.9997248005419491,0.9995746410187095,0.9993780190218402,0.9991287704281298,0.9988205573965769,0.9984472193757452,0.9980025738331514,0.9974804017707357,0.9968745179772182,0.9961786711125364,0.9953865260206379,0.9944921885710369,0.993489281171264,0.9923717249259782,0.9911329943202166,0.9897670557582553,0.9882678645287628,0.9866294623091164,0.9848454614978889,0.9829089513863328,0.9808142639950501,0.978554763091895,0.9761250312817336,0.9735167197073773,0.9707259086955942],"rpm_tc":[9937.490016260936,9907.92493338366,9878.003331409975,9847.687620605147,9816.935868665272,9785.71272788426,9753.969264648958,9721.673209379,9688.79819031657,9655.28563970401,9621.112192456249,9586.244639721352,9550.643863980818,9514.274940956175,9477.096125102797,9439.061621949604,9400.155120678413,9360.327933727678,9319.549514040094,9277.761565584167,9234.93109978425,9191.02056577922,9145.992826885096,9099.793638877241,9052.351858767814,9003.635946274226,8953.582485091867,8902.159966463732,8849.254458382486,8794.865029458297],"rpm_ft":[2971.827263195843,2947.043211355812,2921.8548956093364,2896.2533738080797,2870.2264988350184,2843.7657584240214,2816.855720268366,2789.4893375510633,2761.6631619041777,2733.3568354959125,2704.567923887361,2675.2898927933234,2645.513850820362,2615.232772334021,2584.437030861382,2553.1150574869025,2521.2698613799,2488.888021943577,2455.965350858163,2422.486761711843,2388.4497642679185,2353.850333148811,2318.685018624717,2282.9415555919363,2246.600022793444,2209.6624553926786,2172.1139270120552,2133.9576679828137,2095.155294764001,2055.7299795742915],"sigma":[0.808940754375864,0.8123005316886421,0.8156847794907701,0.8190970009843521,0.8225403853422915,0.8260173659390895,0.8295288661132577,0.8330782239921704,0.8366671392176737,0.840300181402592,0.8439774827302067,0.8476989377726094,0.8514655277717695,0.8552783681623554,0.8591385083830778,0.8630453318723394,0.8669963325075447,0.8709917349888225,0.8750289291087079,0.8791095515467178,0.8832289470192527,0.8873835499681273,0.8915689591434336,0.895781992371424,0.9000211361975715,0.9042800104262926,0.9085521891477739,0.9128294765625019,0.9171064328781298,0.9213727411689411]}