{"power":[15.998439685265765,15.609109657087282,15.219890530511753,14.830945601204164,14.44240373860166,14.05441063838146,13.667108117259676,13.28060384276892,12.895056938582858,12.510761905117903,12.127748807339461,11.746281398546405,11.366659836686807,10.989088430909904,10.613787066972368],"mass_rate":[52.16651710371293,51.7715624440663,51.37443466872848,50.97476487920622,50.57212922143663,50.16613217132202,49.756352265879514,49.34228941158803,48.92353767642284,48.499956815918736,48.07089433476323,47.636138834295,47.19551680551926,46.74869694215866,46.29536080210607],"eta":[0.43474297751661156,0.4359396850266039,0.43708800394937586,0.43818549165530396,0.43924336684890625,0.4402597064745412,0.44123761609855994,0.44217883946259995,0.4430847885689312,0.443958350803084,0.44480722851594545,0.4456377694518409,0.4464508608299805,0.44725569292203154,0.44805237841711665],"t":[1450,1440,1430,1420,1410,1400,1390,1380,1370,1360,1350,1340,1330,1320,1310],"pi_c":[7.999545765428685,7.90931512049641,7.819127517567515,7.728932675476165,7.638669464247165,7.548285354337832,7.457723704637414,7.366917391785948,7.275814746228863,7.184404616111077,7.092598895776447,7.00037712305051,6.907726208436044,6.8146087615989765,6.720991834770995],"pi_tc":[2.367179829916315,2.3674177549061453,2.3676379373192873,2.3678229513542495,2.367955487164043,2.368019776526026,2.3679990862215177,2.3678763036518125,2.3676344334815185,2.367257371610314,2.3667280186410484,2.366029464693146,2.365144953591176,2.364057542790768,2.362750312784581],"pi_f":[2.9881635936994018,2.9541617664488804,2.920204730845728,2.8862941754810807,2.852426602825513,2.8185989075780955,2.7848066898005293,2.7510411279522464,2.717298066565629,2.6835865105203722,2.6498869258032136,2.6162038637986997,2.582543512792507,2.5489022370975523,2.515277077606912],"g_norm_tc":[1,1.0000000000006737,1.0000000000051037,1.0000000000143814,1.0000000000254257,1.0000000000323785,1.0000000000300182,1.000000000018329,1.0000000000049851,1.0000000000000178,0.9999999999944484,0.9999999999117707,0.9999999995168737,0.999999998263202,0.9999999950542742],"g_norm_tf":[0.9999999999998899,0.9999988797547403,0.9999911174704358,0.9999701512839255,0.9999294679641083,0.9998625969322299,0.9997630995740225,0.9996245401864404,0.9994405017674598,0.9992046737922606,0.9989105617829593,0.9985518308748652,0.998122222857307,0.9976153978345501,0.9970250169723771],"rpm_tc":[9999.846235384235,9970.169941115351,9940.180330623409,9909.845080217025,9879.12689390399,9847.989739182805,9816.394669288038,9784.295523409899,9751.652429245109,9718.44549695575,9684.613038039455,9650.127068685393,9614.961470922448,9579.076165837889,9542.430563839946],"rpm_ft":[2999.902477158909,2975.367656328689,2950.428560556627,2925.0786041469473,2899.308448216384,2873.1092476423705,2846.471264077575,2819.381643701073,2791.8302924540353,2763.816340475532,2735.319059123415,2706.3340026180713,2676.8593227893803,2646.8854700373586,2616.4034755662633],"sigma":[0.8020456637298428,0.8054263594175337,0.8088304217102996,0.8122598424361912,0.8157169314578234,0.8192047475873476,0.8227261944859933,0.8262831358055116,0.8298769690291413,0.8335104414967647,0.8371878397118855,0.8409103486449363,0.8446771821605429,0.8484891997369483,0.8523481312868736]}