{"pi":[4,4.5,5,5.5,6,6.5,7,7.5,8,8.5,9,9.5,10,10.5,11,11.5,12,12.5,13,13.5,14,14.5,15,15.5,16,16.5,17,17.5,18,18.5],"mass_rate":[63.26639391047936,59.72494932638984,57.17687090750492,55.26002001602956,53.81838794693567,52.706301576594406,51.8404924109464,51.164696232808446,50.63906704513321,50.23527486119774,49.931899688752495,49.7119858608944,49.56283225497508,49.47381100466596,49.43650023742429,49.44404976030077,49.491514552130255,49.57437865086789,49.68906171222491,49.83338143140883,50.004770681138424,50.200898828208686,50.42025688156806,50.66136946175072,50.92263896831928,51.20312254946012,51.501686785049344,51.81808098559901,52.151133577922955,52.500849525098246],"specific_power":[252898.87744573635,267894.74382911366,279833.4317014867,289540.24981096276,297296.1586247403,303569.01397735736,308639.0436488507,312715.6257744043,315961.5872413218,318501.2930497285,320436.4364211064,321853.96988106024,322822.5521432733,323403.4264813562,323647.50585414056,323598.0886995748,323287.74224815704,322747.36336448044,322002.45785811543,321069.92422383704,319969.47055363917,318719.3929485849,317332.77435659117,315822.4929564919,314202.0980089847,312480.94263283757,310669.4362609636,308772.53066254285,306800.61778701685,304756.9733581384],"efficiency":[0.422750258981823,0.431300556601548,0.436628525080332,0.43989565845673545,0.441428435419403,0.44178862845329814,0.4412767018898968,0.44009601794202974,0.43839865721514204,0.43628302818645287,0.43383669909302985,0.4311263235170347,0.42819941914486287,0.42510385692548136,0.42187332346510675,0.4185363508728653,0.415111700280476,0.41161682310541114,0.4080664382654415,0.4044650022078713,0.40082307694000585,0.39715037211306253,0.3934517508791891,0.3897327075039803,0.38600099327033677,0.3822590525205249,0.37851291123728664,0.37476081689302826,0.3710094534220184,0.3672566448053569]}