{"pi":[5,5.5,6,6.5,7,7.5,8,8.5,9,9.5,10,10.5],"mass_rate":[60.11991513912776,58.309978339488836,56.96899960246515,55.96759359083887,55.22206797480271,54.67517765790533,54.2877711627571,54.029767414085455,53.87921520784302,53.81848696846067,53.8340106307492,53.91548836097563],"specific_power":[266134.77352676337,274395.57440487744,280854.5017755174,285879.7202711782,289739.2398868627,292637.36645008606,294725.6749965163,296133.0534217482,296960.52435579896,297295.61162461713,297209.88298168953,296760.73585528164],"efficiency":[0.4173529959448633,0.41915960012660547,0.4194173041087514,0.4185637366466285,0.4168782619369577,0.41455957580824054,0.41174266070729076,0.4085349836061732,0.4050180807398593,0.401265158957623,0.3973270203043781,0.3932423467134179]}