{"Pi":[8,8.5,9,9.5,10,10.5,11,11.5,12,12.5,13,13.5,14,14.5,15,15.5,16,16.5,17,17.5,18,18.5,19,19.5,20,20.5,21,21.5,22,22.5],"MassRate":[52.16855983569199,51.769691633166815,51.47403703493357,51.264292323324966,51.127478629235696,51.052689169612826,51.0312979050877,51.056284844631335,51.12261343473724,51.225683730891404,51.36181723298722,51.52884111618116,51.72415204882225,51.945355730941515,52.1909603409622,52.45944268297877,52.749210983587226,53.0593939615538,53.38873471168993,53.73710786233699,54.1032888794814,54.487337503808256,54.888055370800956,55.30546554519287,55.73907583597193,56.18842784417922,56.6536896564299,57.134707335819805,57.63109391529292,58.143198661698825],"SpecificPower":[306698.1348611685,309061.1416690268,310836.31519209145,312108.082933978,312943.26317220123,313401.7083183033,313533.0798318739,313379.63678104227,312973.04509726376,312343.31754465733,311515.4576291738,310505.72171660303,309333.24890271097,308015.9867009924,306566.4991690594,304997.521546134,303322.0725325798,301548.8644968958,299688.6906274005,297745.8340517429,295730.6354451213,293646.2072290047,291502.4023334518,289302.3292051596,287051.7632384962,284756.14310425136,282417.61652295286,280039.93975075503,277627.90731539903,275182.65881955717],"Efficiency":[0.42555571739900316,0.42337466658217715,0.42086307614228574,0.4180967392797414,0.415121617861034,0.4119846127565502,0.40871830168189976,0.4053504756097668,0.4018993498344742,0.39838142883933325,0.3948114741212913,0.39119338258017383,0.38753715566385843,0.38385269512160897,0.38014414109196093,0.3764172817089285,0.3726792502197755,0.3689320815137607,0.36518251683661235,0.3614276627871355,0.35767455978477547,0.3539209688081105,0.3501738315217596,0.3464322181690661,0.3426983615446162,0.33897463714949577,0.33525984781252643,0.331555500830959,0.3278639341822112,0.32418395816117307]}