{"Pi":[4,4.5,5,5.5,6,6.5,7,7.5,8,8.5,9,9.5,10,10.5,11,11.5,12,12.5,13,13.5,14,14.5,15,15.5,16,16.5,17,17.5,18,18.5],"MassRate":[63.71715978618172,60.12442394545539,57.53725117151816,55.58872564737207,54.12102328561827,52.98672181287669,52.10153127658097,51.40852685453735,50.86736638411238,50.449402152956,50.1329058855271,49.90072049892749,49.740005149565036,49.63998275337874,49.592121702107576,49.58948379009504,49.62707503473065,49.70029712565503,49.805532463698114,49.94055313034356,50.10275010661155,50.289755370870644,50.50003144550119,50.73207722165401,50.984264751324474,51.25563352568539,51.545018000879764,51.85216440738713,52.175871521284705,52.51612662251899],"SpecificPower":[251109.74898585962,266114.81574468187,278080.71595746046,287828.14884975494,295633.7302707971,301962.4436571904,307092.70165331615,311232.4156899631,314543.5106504226,317149.44711317075,319151.6573273094,320636.652938586,321672.66472709476,322320.821090756,322631.89093036985,322649.0533300495,322404.6548945848,321929.6649182583,321249.45178855304,320380.91284732893,319343.7479171157,318156.2503536791,316831.4858826759,315382.3158096651,313822.3151405621,312160.80846961006,310408.27262349415,308569.56855827133,306655.1556014342,304668.3186482222],"Efficiency":[0.5217065883913042,0.5185242838900462,0.5141166862824025,0.5091285410135662,0.503536550764469,0.49769773864789973,0.49173692573211863,0.4857280224433454,0.4797196098698859,0.47373383769648114,0.4677870484944182,0.461895234865128,0.45606744092609924,0.4503156139324327,0.44464248845794774,0.4390540270129673,0.4335499634022987,0.4281274675235908,0.4227875770789841,0.4175210965779263,0.4123264582031921,0.4072034801607561,0.4021486302245103,0.3971596047832403,0.3922368351657007,0.38737748942773853,0.3825812216166603,0.37784257061226123,0.3731633872578837,0.36853741163373704]}