{"t":[1450,1440,1430,1420,1410,1400,1390,1380,1370,1360,1350,1340,1330,1320,1310,1300,1290],"power":[0.969719821876641,0.9660268683388685,0.9620051057381142,0.957597843378858,0.9527607426757866,0.9474563964017346,0.9416457652452276,0.9352895382430352,0.92836584849594,0.9208449937725107,0.9127051329545917,0.9039300196275715,0.8945053146606989,0.8844125253192937,0.8736493858008526,0.8622017759470063,0.8500687661195443],"mass_rate":[23.870731260067817,23.960195642229827,24.048866012610624,24.136417281249216,24.222588396104005,24.307136184325884,24.38979507099301,24.470287748976087,24.548424784153646,24.623968690144252,24.69671652743793,24.766469349654827,24.83305826732185,24.896276544582072,24.955983716891375,25.01196638889345,25.064101328350798],"eta":null,"pi_lpc":[2.3398676995848824,2.3260613147132556,2.312180010417542,2.2982370095754194,2.2842396866657424,2.2701959159570966,2.2561147560841213,2.2420037285943786,2.227868969328718,2.213713482162398,2.199543529229164,2.185359273221471,2.1711631564794174,2.156955592669411,2.142735794172739,2.1285042458702357,2.114255000813151],"pi_hpc":[1.5963306269680504,1.605893260262398,1.6155085496140245,1.6251476227691288,1.6347889155958912,1.6444116179144541,1.6539923022558267,1.663507377290996,1.672939779233022,1.6822713742506883,1.6914831829346213,1.700560837023508,1.7094906564774763,1.718257357323162,1.7268513001400072,1.7352569717003894,1.7434687569337104],"pi_ft":[1.2782995607524856,1.278248960966528,1.2781352035737885,1.277946258238504,1.2776720779170954,1.2773040229931105,1.2768329042994868,1.276249227753034,1.2755467970904244,1.2747176709150774,1.273755176727474,1.272653000894028,1.271406274844282,1.270008655494118,1.2684564046088402,1.266742868870005,1.2648636001040268],"g_norm_hpt":[0.999999999970426,0.9999999999830915,0.9999999999914504,0.9999999999964255,0.9999999999989386,0.9999999999998609,1,1.0000000000001028,1.0000000000008655,1.000000000002953,1.0000000000070077,1.0000000000136402,1.0000000000234244,1.0000000000368925,1.0000000000545248,1.0000000000767548,1.0000000001041414],"g_norm_lpt":[0.9996895967491353,0.9996900155849546,0.999690195636185,0.9996900965324104,0.9996896862389902,0.9996889308569726,0.9996877906454951,0.9996862254466486,0.9996842054690339,0.9996816921077315,0.9996786503897147,0.999675043722063,0.9996708387813164,0.9996659930737328,0.9996604712947401,0.9996542297940322,0.999647230961817],"g_norm_ft":[0.8475069044186501,0.8474942169979504,0.8474656908315767,0.8474183024365676,0.8473495192454317,0.8472571533835754,0.8471388686144427,0.8469922390321962,0.846815652085823,0.8466070398588733,0.8463646341400973,0.8460867358661359,0.845771987584465,0.8454186349890445,0.8450255556125073,0.8445908605864826,0.8441131881436263],"rpm_hpt":[10221.892895962228,10203.945868190609,10185.28627802089,10165.862765037866,10145.6249089547,10124.530129537548,10102.535710091171,10079.593417338356,10055.674544309302,10030.730476339852,10004.732721518047,9977.636327363743,9949.411884106652,9920.015516086405,9889.416501656673,9857.57131028123,9824.438216909915],"rpm_lpt":[5088.0692015918485,5044.618523965125,5001.9213183734755,4960.028143843886,4918.96309406969,4878.745133838179,4839.3937588887175,4800.921643509929,4763.327100281377,4726.602904044258,4690.743471744883,4655.727636895416,4621.535311325301,4588.143209985394,4555.520016893208,4523.64045124382,4492.460113906926],"rpm_ft":[1052.863182625391,1051.445705441026,1049.9056183970324,1048.2212937170477,1046.3751297907988,1044.3517651666639,1042.1348811545831,1039.7075871149304,1037.0589373979317,1034.174609287599,1031.042544096605,1027.6521856476165,1023.9931938239092,1020.0528779369712,1015.8240887206048,1011.2944256298587,1006.455492680902]}