{"t":[1550,1530,1510,1490,1470,1450,1430,1410,1390,1370,1350,1330,1310,1290,1270,1250,1230,1210,1190,1170],"power":[20.264237025177582,19.445661301235102,18.60739759890573,17.750925195535892,16.877928142130468,15.990026731995808,15.088306469716981,14.17551158163219,13.258033021856885,12.336844022482415,11.41717051453843,10.504946441023531,9.606690410701965,8.729280210665944,7.873969738529654,7.05069487728433,6.267581139524967,5.529621220876025,4.84052704480228,4.207846631746732],"mass_rate":[65.55550402210474,64.367606402311,63.17688619377982,61.98044039477607,60.774093000597574,59.55239748161676,58.30741731941454,57.03358484416386,55.732384661761266,54.39293275695878,53.013322492212474,51.593148762438645,50.13371958068494,48.63822442776959,47.097332492777035,45.52430141157591,43.9315796239881,42.32701015828602,40.71819309697296,39.12997912005135],"eta":[0.349892590614658,0.3488644686908941,0.3471649253498875,0.34473399367245455,0.3415331962601256,0.3375175323229266,0.3326373158637007,0.3268480624195586,0.3201587470212663,0.3125146952870058,0.30390766056873225,0.29435519178208863,0.28388608287962536,0.27254633186051236,0.26030514844257074,0.24730077545438872,0.2336673730537376,0.21952715493765432,0.20499280456756042,0.19033673988428834],"pi_lpc":[4.809927870749576,4.729572763875361,4.650852073219762,4.573181153846576,4.4958799508411635,4.4181492814993,4.33899477582831,4.257454503851996,4.172922024575659,4.084818026750973,3.9926748760770177,3.89622380181786,3.7953323321624834,3.6900728126027116,3.580229658072118,3.4663729664093728,3.3492369057045708,3.2294962287428777,3.1078827063874908,2.9859145902637474],"pi_hpc":[4.624881817229375,4.586670632801552,4.546341677553271,4.5042096449093085,4.460595565138727,4.4158528294301,4.370348969130537,4.324601669529949,4.279313298200844,4.2342261352115855,4.1896542711977505,4.145835320546451,4.103019727170358,4.061415499379505,4.020511216643397,3.980828586166587,3.942693170094725,3.906126985810425,3.871079587035707,3.8381856131924605],"pi_ft":[3.5843848180376128,3.4993167533998126,3.412932180351907,3.325499434942498,3.237241810623127,3.1483108080525875,3.0587250215398587,2.968622607794652,2.878476633116702,2.788086305351915,2.6976736590018544,2.6074845963745568,2.51779216424553,2.4288933728247883,2.3404549280470017,2.2531278006089086,2.167431367107478,2.0836117425192624,2.001857642038254,1.9230065552302746],"g_norm_hpt":[0.9999999987080586,0.9999999993559883,0.9999999997353243,0.9999999999232726,0.999999999990426,1,1.0000000000093456,1.0000000000771083,1.0000000002668215,1.000000000647582,1.0000000012982786,1.0000000023083233,1.0000000037937213,1.000000005912305,1.000000008852568,1.0000000128108857,1.0000000180001307,1.000000024629721,1.000000032875891,1.0000000428351294],"g_norm_lpt":[1.0000000146218633,1.0000000017079131,1.0000000000687268,1.000000000000001,0.9999999999992055,1,1.0000000000058122,1.0000000000371958,1.0000000000417733,1.0000000000010771,0.9999999998627738,0.9999999957448484,0.9999999634294688,0.999999813879521,0.9999992956115371,0.999997830728692,0.9999942765500646,0.9999866076479299,0.9999715491705251,0.9999445180254596],"g_norm_ft":[1.0032085993920943,1.0018351102088432,1.0009120723468707,1.0003612292711812,1.0000924419238377,1.0000068745464699,0.9999995980576741,0.999960950362858,0.999778710156037,0.9993388319646894,0.9985279822399155,0.99723671614219,0.9953631783730156,0.9928171059650529,0.9894963812575888,0.9853424481332795,0.9803217294479522,0.9744126870437928,0.967611234512002,0.9600010102081936],"rpm_hpt":[6174.082368350588,6139.263650031843,6104.507144460241,6069.7567470087115,6034.943372586946,5999.986147670364,5964.119376278273,5928.065515939402,5892.018731977692,5855.5497234797,5818.615323055515,5781.159918763442,5743.148169761555,5704.554078056161,5664.821840913263,5624.218927481774,5582.9316948846845,5540.95150197183,5498.249391385684,5455.482859202511],"rpm_lpt":[6294.644007635182,6235.1578304916875,6176.4096994573165,6118.101741914749,6059.905812330924,6001.453443994908,5940.014683342947,5877.39990614544,5813.645687242909,5748.1618806779115,5680.741795155534,5611.215559372358,5539.441252994484,5465.31052511633,5388.148051564634,5308.165306942245,5225.480870966272,5139.976932899658,5051.495027547883,4960.598180641827],"rpm_ft":[3265.5545757693194,3220.5879662312973,3173.242860190155,3123.4090495508262,3070.9681201583144,3015.7761452597065,2957.627225934541,2896.389808083979,2832.1631709427647,2764.6584718162676,2693.8600791151966,2619.8078573171065,2542.6076077816006,2462.435549440874,2378.964945695464,2292.7300786203195,2204.2555623085977,2113.882686923723,2021.9384554148144,1929.504100468564]}