{"t":[1450,1430,1410,1390,1370,1350,1330,1310,1290,1270,1250,1230,1210,1190,1170],"power":[15.981050166147314,15.081075692883974,14.166642903755834,13.241723072795272,12.311132450261757,11.381085765783741,10.46378190058581,9.560662281739967,8.679100793170928,7.826315068160178,7.009029079299168,6.228881131442297,5.49169287962669,4.805136834983272,4.171769350636484],"mass_rate":[57.444317853030526,56.202008493382976,54.926423006959176,53.61340520494948,52.25970182519457,50.86469238437802,49.44117101069587,47.97899043198883,46.48202518647639,44.95582944653136,43.40705136057976,41.83128858561195,40.2373317263303,38.643856213407105,37.05933929698016],"eta":[0.356003744399378,0.35118954403447394,0.3453721458096205,0.3385225185827024,0.3306118484791249,0.3216359490831392,0.3117064479921887,0.30078280999750545,0.28891793759135553,0.27620359460246957,0.2627411630813471,0.24853449046971873,0.23371370526915683,0.21849251762846175,0.20301657698187614],"pi_lpc":[4.693256136298391,4.606441829529581,4.516770433240472,4.423479607058874,4.3259094833810225,4.223623778933624,4.116702908567986,4.004859783243549,3.888232679541087,3.7672031769696734,3.6423194692395615,3.5137582071312656,3.3822497119293455,3.2490789410213097,3.1151662572503467],"pi_hpc":[4.690394445428277,4.641415497739856,4.592017022264818,4.5425821247370886,4.4934768568628725,4.445075483310363,4.398414288572217,4.35293858656333,4.308886850208929,4.266412671205755,4.2256177197840055,4.185973088017921,4.147580132217466,4.110919365156104,4.075901773084295],"pi_ft":[3.3644948782869966,3.2663094140886337,3.1673138066079547,3.06773809247196,2.967827420653226,2.8679175689550935,2.7689906117582446,2.670706984165781,2.5734185599011363,2.4774756527410977,2.3832067031658752,2.2903528405456592,2.199244732752611,2.1105982246161434,2.0245982602582],"g_norm_hpt":[1,1.0000000000097509,1.0000000000802935,1.0000000002776528,1.0000000006736873,1.0000000013500223,1.0000000023996338,1.000000003948644,1.0000000061593661,1.0000000092225798,1.000000013344177,1.0000000187303084,1.0000000255809918,1.0000000340388298,1.000000044123671],"g_norm_lpt":[1,1.0000000000071834,1.000000000044897,1.0000000000469622,1.0000000000005054,0.9999999997659901,0.9999999937859083,0.9999999490540049,0.9999997472463499,0.9999990687518107,0.9999971998824181,0.9999927162360555,0.9999830982883157,0.9999643951539425,0.9999307759210179],"g_norm_ft":[1.0000069685443096,0.9999994935191417,0.9999561389212994,0.9997532559247541,0.9992644482100868,0.9983646407215657,0.9969455530648995,0.9948945749078101,0.9921175584840015,0.9885380040434071,0.984099485864234,0.9787316566880297,0.9724062959932299,0.9651544835060697,0.9570011695782844],"rpm_hpt":[5999.990825942144,5963.467038310847,5926.64068803745,5889.458663110167,5851.860607313928,5813.8234945076965,5775.79294133248,5737.205260395184,5698.0326326251225,5658.248607731188,5617.830403579722,5576.307189898307,5533.690507514345,5490.362822742887,5446.32326323798],"rpm_lpt":[6001.669726934674,5939.373969250207,5875.641996156175,5810.292945404579,5743.089806212206,5673.890506381535,5603.098957918455,5530.059895932179,5454.6904794958045,5376.929959673397,5296.710253916841,5213.4513108597785,5127.072340171645,5037.871332470754,4945.704606383556],"rpm_ft":[3014.918577457587,2956.871620124287,2895.512835696516,2830.7388785567564,2762.484676520391,2690.7781135186187,2616.151506280127,2538.3216934282395,2457.5009377095857,2373.960131452715,2288.0204740239355,2199.5363998861717,2108.8769998699945,2016.8487030449437,1923.8351220100512]}