{"t":[1450,1440,1430,1420,1410,1400,1390,1380,1370,1360,1350,1340,1330,1320,1310,1300,1290],"power":[12.775543992999122,12.346649457322014,11.922692678001079,11.504008917663203,11.091043349313697,10.686915183371854,10.288937992201088,9.89747666517343,9.512798497268571,9.135088986088997,8.764625887426737,8.401603469231304,8.046226206583663,7.698610719829114,7.358969861705269,7.027418701138747,6.7039404628055195],"mass_rate":[51.27399735514372,50.75483025456658,50.233467626407396,49.70990198125459,49.18439006991886,48.66253112494272,48.13864192144013,47.61296305258763,47.085594197752876,46.55655733644418,46.026070061451456,45.494235913404246,44.96118920951831,44.42694267279385,43.89174876572885,43.35569789622071,42.81861458045202],"eta":null,"pi_lpc":[4.264549518133886,4.219208298431796,4.173670453960158,4.127933378466444,4.082012142655926,4.036173103537505,3.9901487634608217,3.9439615351085973,3.897616968452079,3.8511125462718425,3.804464407253924,3.7576829559836944,3.710781418241535,3.663755199151105,3.6166290819993194,3.569411072398559,3.5220882269868388],"pi_hpc":[2.198881963386395,2.191948293422067,2.185016655128729,2.178089007115298,2.1711686442511113,2.1643627046054785,2.1575641583120224,2.150772414546239,2.1439898294527597,2.1372198942223535,2.130464205622136,2.1237227798031553,2.116995803745448,2.1102874202916757,2.1035968855154117,2.0969252785481505,2.090272539357307],"pi_ft":[2.549435921034122,2.5155070798780623,2.4818308866148606,2.4484123159911806,2.415266444445648,2.3826505657643313,2.35030228340209,2.3182327755073437,2.2864455992247796,2.254938594527634,2.2237170565392543,2.1927820776550897,2.1621361551343266,2.131774970778459,2.1017047000644755,2.0719237068496077,2.042418485819578],"g_norm_hpt":[1.0000000009381167,1.000000001047149,1.0000000011556907,1.0000000012618027,1.0000000013635464,1.0000000014603316,1.000000001550819,1.00000000163452,1.000000001711048,1.0000000017815023,1.000000001846496,1.000000001906358,1.0000000019616386,1.0000000020132307,1.000000002062178,1.0000000021097342,1.0000000021579674],"g_norm_lpt":[1.0009681756230941,1.000953764268504,1.0009369375469344,1.0009176498294636,1.0008958906029646,1.0008718888689572,1.0008455001806333,1.0008168029468956,1.0007859061452282,1.0007529548451006,1.0007181345033263,1.0006816431911667,1.0006437019423484,1.0006045531789758,1.000564471186313,1.0005237419932451,1.0004826477044322],"g_norm_ft":[0.9980279182416043,0.9974942055757792,0.9968769421652144,0.9961716347679529,0.9953743898700297,0.9944887545595373,0.9935053170876245,0.9924212571749801,0.991233885116062,0.9899405899300191,0.9885393433260675,0.9870282474956971,0.9854057566647687,0.983670214315964,0.9818208025306246,0.9798565182843607,0.9777756977745269],"rpm_hpt":[5719.553514054932,5705.094097068979,5690.5517431625985,5675.920085990541,5661.200541939643,5646.5890138640025,5631.878768555232,5617.069514101559,5602.159441949011,5587.145681935799,5572.029809324008,5556.809642665875,5541.484038260178,5526.051578679943,5510.514247966344,5494.8711340072605,5479.113539106282],"rpm_lpt":[5907.229602852311,5881.346521191959,5855.264091557564,5828.968775803834,5802.457860615484,5775.921099244578,5749.136326192767,5722.1019648248985,5694.807043164351,5667.235317166375,5639.380560634781,5611.23180813786,5582.779253042326,5554.002702665681,5524.897859170756,5495.449998635744,5465.63005728947],"rpm_ft":[2677.376719043392,2646.888435877839,2616.0562315372044,2584.888769340674,2553.4039008058,2521.8323250280323,2489.960299989863,2457.8045055371035,2425.3755444456788,2392.6784867758874,2359.7274214190647,2326.5309659975383,2293.100283431113,2259.4395347541754,2225.563767767174,2191.4801774663547,2157.1830110535298]}