{"t":[1450,1430,1410,1390,1370,1350,1330,1310,1290,1270,1250,1230,1210,1190,1170],"power":[15.982437598105177,15.075549072570205,14.155541049994808,13.22992726865894,12.299568767224233,11.369875063001356,10.447275590447932,9.538904857583564,8.652061664834994,7.788632637466117,6.958531198007809,6.170625688811525,5.429942611974146,4.740393328468417,4.109513163570447],"mass_rate":[58.42479025735108,57.16884458271512,55.881166971228765,54.56515738356702,53.20925576513332,51.81126479111791,50.37123156211279,48.89114641161127,47.3746190981081,45.81343050003638,44.220414929511826,42.60978645073223,40.98967498048513,39.36873201003165,37.77253844326924],"eta":[0.3465693767906364,0.34165574922128095,0.33577058471689847,0.3289303466419517,0.3210719498686776,0.31218335082859494,0.3022874214556951,0.2914139986259057,0.2796181654148877,0.2668768405769852,0.25333062289346087,0.2391360041978798,0.2244237483087946,0.20932314642670616,0.19412710816944312],"pi_lpc":[4.584683406966482,4.500707783447625,4.414004516704714,4.323933442758612,4.229863194914766,4.1313003548021765,4.027974727297707,3.9197818042175383,3.80685553185396,3.689030130212057,3.5669443825264238,3.441490728232704,3.313436398996407,3.1836366247568937,3.0537749239425866],"pi_hpc":[4.582551924855192,4.5344517308223145,4.486046719265371,4.438228585547464,4.390688139978105,4.343731224583002,4.297630912620392,4.252675593571021,4.20906374494818,4.1662863971596185,4.124827660918604,4.085073520253326,4.0470239331063045,4.0106417946725434,3.976600200739104],"pi_ft":[3.253410622992882,3.1589117305885233,3.0637353208841507,2.9685026130900716,2.872979825436836,2.777397847758933,2.682047106520268,2.5872538551581825,2.4933465418021656,2.4000214611233335,2.3079294152571954,2.2176821968065106,2.129532156958908,2.043704033999181,1.9610897751362666],"g_norm_hpt":[1,1.000000000010024,1.0000000000824356,1.0000000002848857,1.0000000006909413,1.0000000013841006,1.0000000024601956,1.000000004050821,1.0000000063205743,1.0000000094660688,1.0000000136964116,1.0000000192260163,1.0000000262584856,1.0000000349476112,1.0000000453358193],"g_norm_lpt":[1,1.0000000000059335,1.0000000000366922,1.0000000000363352,1.0000000000001505,0.9999999997548016,0.9999999939079504,0.9999999508284309,0.999999757238668,0.9999990985218469,0.9999972597134423,0.9999928448403496,0.9999834052798906,0.9999650326531563,0.999932340227191],"g_norm_ft":[1.0000068212327669,0.9999994926071795,0.9999567191731487,0.999758657795197,0.9992832464114528,0.9984089197289008,0.9970185666718334,0.9950040226341895,0.9922700160917011,0.9887107660560083,0.9842650117055236,0.9789035605723533,0.9726079446794017,0.9653814035041599,0.9573206276401349],"rpm_hpt":[5999.987531230365,5963.81844179463,5927.416225206396,5891.067362013566,5854.308690804372,5817.075322872021,5779.318619646982,5741.012076368835,5702.117458336796,5662.098406405375,5621.174838332744,5579.570615251595,5537.264733123578,5494.250421233709,5451.203501365324],"rpm_lpt":[6001.2779757890685,5938.894672770989,5875.199208889732,5810.323543762327,5743.6428231346235,5674.939494370418,5604.063033812457,5530.89675515371,5455.344467627439,5376.76137621692,5295.32879086258,5211.220403266649,5124.306377619911,5034.446612454051,4942.215459512812],"rpm_ft":[3015.1697756153335,2956.668760090303,2894.9089542520746,2830.045001188137,2761.76050303873,2690.0293239386647,2614.903958117772,2536.51734757379,2455.0624555858626,2370.253859236446,2282.6160914813922,2192.755272485175,2101.0339588233824,2007.8342366381855,1914.2955371883309]}