{"t":[1450,1440,1430,1420,1410,1400,1390,1380,1370,1360,1350,1340,1330,1320,1310,1300,1290],"power":[3.2139130621348655,3.0407817750864368,2.8712772382720346,2.706618982824372,2.546779064388844,2.3917642227607447,2.2415621201334712,2.09617547742643,1.9556070386438753,1.8199051073374892,1.6894640718213807,1.5645865080885148,1.444481053764351,1.3291340694928007,1.2185731817251881,1.112798062524543,1.0117996775320366],"mass_rate":[32.72198293040492,32.32415968828581,31.91978198737434,31.512711550781884,31.1028484315754,30.690232302174728,30.27483325903543,29.856673230189017,29.43580052468049,29.012471487783845,28.58853844651959,28.165724419937195,27.74076363427374,27.313749663392155,26.8850188704093,26.4548244741943,26.023438030328442],"eta":null,"pi_lpc":[2.8045007006345384,2.7660760156063566,2.727250753897957,2.6882238505008185,2.6489858083006976,2.6095437594030386,2.569895585755475,2.5300516982018473,2.4900152282568278,2.449809504318763,2.4095333773770546,2.369295679012129,2.328942710691179,2.2884891521586987,2.2479761866272177,2.2074340811224196,2.166891754864832],"pi_hpc":[1.824777485160533,1.820955675351871,1.8170691334928777,1.8132060481955028,1.8093689457312554,1.805557792094976,1.8017750463125246,1.79801761938607,1.7942890247512862,1.7905912692884347,1.7869695526000233,1.7834552078609596,1.7799624323266803,1.7764887469881048,1.773026880596971,1.769572407876836,1.7661214508060357],"pi_ft":[1.6055441662349414,1.5863832647385037,1.567089495682812,1.547803606212567,1.5285198915807254,1.5092380420694937,1.4899552391142432,1.4706705196600671,1.4513835810829747,1.43210134208122,1.4128871181120268,1.3937989079497874,1.3747181679600833,1.355645649220514,1.3365903891286677,1.317558065306091,1.2985546179464422],"g_norm_hpt":[1,1.0000000000001739,1.0000000000012523,1.0000000000040612,1.0000000000093516,1.0000000000177414,1.000000000029692,1.000000000045383,1.000000000064679,1.000000000087184,1.0000000001120493,1.000000000137965,1.0000000001630613,1.0000000001851383,1.0000000002017735,1.000000000210611,1.0000000002099474],"g_norm_lpt":[1.0000005842217219,1.0000001072471276,1.0000000010634875,0.9999999779197114,0.9999996952759024,0.9999987571242474,0.9999967092362905,0.9999930346125951,0.9999871489960729,0.9999784000493731,0.9999661075438785,0.9999495706827513,0.999927862331032,0.9999000379815489,0.9998650862663714,0.9998219184565552,0.9997693652269932],"g_norm_ft":[0.915721647025862,0.9124445834982521,0.9090600515535998,0.9055908382982412,0.902034904365641,0.8983911399858302,0.8946579387758375,0.890834014150078,0.8869181964927928,0.8829108279451318,0.8788245167404753,0.8746719465237327,0.8704272542890167,0.8660896769976203,0.8616604162167649,0.8571400537555256,0.8525293579617155],"rpm_hpt":[10046.02782295152,9992.162031433947,9937.82918758538,9883.539100420741,9829.299045467711,9775.107090522553,9720.973471673036,9666.880337277302,9612.843860843715,9558.876262312162,9505.239037163865,9452.120746632012,9399.019402969177,9345.918601540116,9292.781369257995,9239.584957323543,9186.304079689238],"rpm_lpt":[5237.632376861,5202.829755987276,5167.053550337493,5130.332406841688,5092.60946677687,5053.841637402404,5013.971183898743,4972.95293218223,4930.723911921542,4887.238161309561,4842.487834107299,4796.497206983465,4749.105153945266,4700.242033709497,4649.866798656434,4597.9191194655605,4544.329836707888],"rpm_ft":[1569.4965513377242,1540.6895022643307,1511.4122752461287,1481.8524491040027,1451.9928523103192,1421.8215424336333,1391.3218171971826,1360.4785925544877,1329.275480228849,1297.7055256118256,1265.848645173406,1233.7796854559208,1201.2888885085133,1168.3482524471456,1134.9391827044346,1101.0329959795927,1066.5944126818074]}