{"t":[1450,1440,1430,1420,1410,1400,1390,1380,1370,1360,1350,1340,1330,1320,1310],"power":[16.281241498401222,15.829758007801333,15.375885910837205,14.919883053858612,14.462183090030102,14.003231086941978,13.543371354237367,13.083243085087926,12.62331269058661,12.163976115489476,11.70594455350426,11.249513363927967,10.79551237904563,10.34531790010442,9.89869116562339],"mass_rate":[59.09250502326537,58.48380799168535,57.87035502137404,57.25126192326184,56.62602203808954,55.99408663326226,55.35467532868708,54.707609171146814,54.05229619991682,53.38805384991771,52.71485415446687,52.03174494408376,51.33895615118717,50.63800377553569,49.92681425343488],"eta":[0.3292178389821639,0.32697227264921513,0.3245221488687435,0.3218612433943511,0.31899221378050596,0.3159101212885561,0.31261214906014134,0.3090983297573311,0.305366530130732,0.3014130138906827,0.2972425837266147,0.29285104757263497,0.28824035327584197,0.2834258197077867,0.2783935584753149],"pi_lpc":[15.000340525645415,14.800667578644148,14.600706570924592,14.400242265336223,14.199161680243856,13.99734777068977,13.794618642294523,13.59095393423827,13.386224053433041,13.18027317478626,12.973119455020875,12.764539566642362,12.554549112704002,12.343237214567651,12.130545834686416],"pi_hpc":[1.2333344956851915,1.2325917139046343,1.2318339659657118,1.2310615976011854,1.230274066423902,1.2294709098449679,1.228652214335569,1.2278172301277237,1.2269659008822316,1.2260987246196666,1.2252149361804388,1.2243154233785536,1.2234063804233541,1.22251781758138,1.221608728626319],"pi_ft":[3.2028075526931077,3.1576685935337627,3.1124724954444836,3.0672233540002183,3.021941676366452,2.97664523339195,2.9313369641390095,2.886049477413156,2.8407906420722,2.7955605999645585,2.7503902474016972,2.7052620640128553,2.6602152837665383,2.6153475507661423,2.5705774763458193],"g_norm_hpt":[1,1.0000000000000053,1.0000000000000457,1.0000000000001572,1.000000000000376,1.0000000000007323,1.0000000000012543,1.000000000001968,1.0000000000028975,1.0000000000040805,1.0000000000055542,1.000000000007349,1.0000000000094769,1.0000000000119542,1.000000000014807],"g_norm_lpt":[1.0000000000000355,1.00000000000665,1.000000000043214,1.0000000001309137,1.0000000002684977,1.0000000004210399,1.0000000005258254,1.0000000005201966,1.0000000003846148,1.000000000178055,1.0000000000262317,0.9999999999994348,0.9999999997953074,0.9999999981219198,0.999999991637401],"g_norm_ft":[1.0000063635577425,1.0000001632217441,0.9999995579802314,0.9999911103998222,0.9999613074538206,0.9998966113405262,0.999783466112776,0.9996084451031884,0.9993581772982608,0.9990193290329923,0.9985789567041439,0.9980238394899228,0.9973415984025534,0.9965216083971995,0.9955505705225816],"rpm_hpt":[6000.102746521993,5991.469866279565,5983.237381493543,5975.39388192914,5967.932312058864,5960.837458467191,5954.085860569669,5947.6654040858075,5941.546461445343,5935.693157090067,5930.081083634902,5924.647573670596,5919.452211764197,5914.947220924461,5910.436773207388],"rpm_lpt":[6000.046718187528,5986.0888009744785,5971.8001716405815,5957.145787686381,5942.110431933162,5926.676644205258,5910.819919364118,5894.530117377254,5877.785283321308,5860.559696874091,5842.843872415665,5824.6019355157505,5805.830026434149,5786.563783229247,5766.724640190399],"rpm_ft":[3014.5777248436257,2986.2632741008515,2957.25965391117,2927.548081525233,2897.119356406185,2865.964517332558,2834.0664561020667,2801.4274511605568,2768.0373460421647,2733.8797218723953,2698.9605561278604,2663.2540015732498,2626.7749748301067,2589.5858007620163,2551.618224312661]}