{"t":[1450,1440,1430,1420,1410,1400,1390,1380,1370,1360,1350,1340,1330,1320,1310,1300,1290],"power":[16.26359732315862,15.861067978286103,15.457427232493425,15.05284219004877,14.646249397308722,14.238625224336245,13.83052566148145,13.422149059593258,13.013800866551383,12.605682521537057,12.198120032121004,11.791311751348465,11.38566194597395,10.98154431885745,10.579234518995218,10.179207800302356,9.78182385367891],"mass_rate":[55.12183291586331,54.665746731528245,54.20682008949247,53.74447007839163,53.275807987462045,52.80181116059135,52.32263484582761,51.83772580362257,51.34672537824001,50.84908365488947,50.344472400169465,49.83229750436011,49.3123929819891,48.784501689312854,48.248140999163326,47.703255082055634,47.14956355129623],"eta":[0.2969540706896409,0.2950674766349514,0.2930457484975884,0.29088517156591354,0.28857592223769357,0.2861206400891355,0.2835204981593489,0.2807729358642294,0.27787633458792776,0.2748275528488768,0.27162767497572604,0.26827395763256345,0.2647645911855136,0.261100438234157,0.25727769629504915,0.2532960512950056,0.24915914732654632],"pi_lpc":[4.001302785073643,3.967936532704956,3.9344498275637854,3.9007761547326565,3.866850051337946,3.832612687075041,3.7980065848149382,3.762973975428569,3.7274719231707047,3.691448029000731,3.654859929155868,3.617656054006618,3.57981222396067,3.5412970952915317,3.502064319709117,3.4621030594053734,3.421377224047782],"pi_hpc":[2.5005988367426015,2.4915915281873047,2.482506405356226,2.4733582324584686,2.4640537292083136,2.4546741056246657,2.4452625964245476,2.4358303032090616,2.426388108672213,2.416944287128989,2.4075108320043093,2.398093764683754,2.388701973991157,2.3793445538871074,2.37003059981056,2.360766324179311,2.3515635247621827],"pi_ft":[2.996839056639501,2.960789148783727,2.924724705765056,2.8886447074562867,2.8524230658342264,2.8161423224921025,2.7798388837333716,2.7435103920703785,2.7071637305650915,2.6707941318323614,2.634407580555802,2.5979953754689915,2.561568208219829,2.5251325808742253,2.48868372267052,2.452236205189629,2.4157916710251763],"g_norm_hpt":[1,1.0000000000001525,1.0000000000013398,1.0000000000046319,1.0000000000110683,1.0000000000216969,1.0000000000375415,1.0000000000596403,1.0000000000890354,1.0000000001269442,1.0000000001745903,1.0000000002331848,1.0000000003039258,1.0000000003880456,1.0000000004868292,1.0000000006022096,1.000000000737467],"g_norm_lpt":[1,1.0000000000001625,1.0000000000014615,1.0000000000050109,1.0000000000104796,1.0000000000152087,1.0000000000154774,1.000000000009851,1.0000000000024316,1,0.9999999999925139,0.999999999900554,0.9999999994682416,0.9999999980708398,0.9999999943942246,0.9999999859398389,0.9999999682709125],"g_norm_ft":[1.0000069319104796,1.000000494607334,0.99999996551798,0.9999969997593268,0.9999831543562645,0.9999498997238804,0.9998887006352614,0.9997909751783325,0.9996481394081518,0.9994515453831829,0.9991925711582089,0.9988624631754541,0.9984526045832558,0.9979543880794421,0.9973590573638085,0.9966581880775488,0.9958432161786795],"rpm_hpt":[6001.037639270081,5986.406287631789,5971.816538121133,5957.191948083898,5942.359809380502,5927.420903845009,5912.4165048376635,5897.337253693374,5882.178515145816,5866.92762998347,5851.581425645195,5836.123071042004,5820.549237581334,5804.854088780357,5789.024595474287,5773.055732990533,5756.941702915301],"rpm_lpt":[6001.649772559137,5976.114768415761,5950.398900758665,5924.499275536496,5898.25907894798,5871.717763318848,5844.871306400356,5817.679009869883,5790.110221264095,5762.122939596429,5733.685758753862,5704.752025962024,5675.297345275176,5645.290451334652,5614.685518335826,5583.459615406525,5551.573338015562],"rpm_ft":[3016.7616078611945,2991.451808969609,2965.6466751770818,2939.334819052598,2912.42198745468,2884.9449042160513,2856.913938418495,2828.3151354899414,2799.1410419537165,2769.3759581045515,2739.0119615514604,2708.0308467198897,2676.4289909813897,2644.199903046965,2611.3287658973895,2577.8162233446183,2543.6529216210706]}