{"t":[1450,1440,1430,1420,1410,1400,1390,1380,1370,1360,1350,1340,1330,1320,1310,1300,1290],"power":[3.3336032657081893,3.153855725766386,2.9779421142171008,2.807053832165689,2.6411689612833262,2.480298578622174,2.324425966286616,2.1735557788463162,2.0276900910409075,1.886875469612894,1.7515659555948087,1.6219936266383022,1.4973764385552244,1.377702611391579,1.262999697065832,1.153259526430209,1.0484871241152116],"mass_rate":[33.99117826728077,33.57761164761302,33.157449726528775,32.73447215706683,32.308592423318174,31.879863668305173,31.448244534051334,31.01376520468862,30.57647518822881,30.136629435154845,29.696348617326247,29.257060773129012,28.815546529458373,28.371913916518455,27.926509701655267,27.47956508921111,27.03142647577933],"eta":null,"pi_lpc":[2.8030119117161547,2.764588231359382,2.725774514084929,2.68675753338734,2.6475293689165524,2.608098694255214,2.568461962900101,2.528630481531466,2.488606824168457,2.4484137069040823,2.4081601169011977,2.367937618261358,2.3276007436118826,2.2871646572582613,2.246670411203638,2.2061453444940757,2.165624158456983],"pi_hpc":[1.8246128750172623,1.8207893240402189,1.8169058075501296,1.813045588898075,1.8092114906899175,1.8054031605901244,1.8016234336159838,1.7978689052361583,1.7941434501141649,1.7904486236148445,1.7868340352441647,1.7833224592228372,1.7798320786395203,1.7763608137707179,1.7729012418277221,1.7694485905967134,1.765999476851348],"pi_ft":[1.6047977786319862,1.5856394065833228,1.5663556865929504,1.5470788524116867,1.52780406517631,1.5085314694677172,1.4892578699132992,1.4699824919655302,1.4507050105185209,1.4314318198269296,1.4122330132295187,1.393154381254594,1.3740832037764241,1.355020662171286,1.3359756670942233,1.316952490558339,1.2979597696278975],"g_norm_hpt":[1,1.0000000000001665,1.0000000000012248,1.0000000000039984,1.0000000000092364,1.000000000017553,1.0000000000294058,1.000000000044969,1.0000000000641018,1.0000000000864022,1.0000000001110207,1.0000000001366438,1.0000000001614062,1.0000000001831186,1.0000000001993765,1.0000000002078444,1.0000000002068619],"g_norm_lpt":[1.0000005548623938,1.0000000976823513,1.0000000006660679,0.9999999742037524,0.9999996742787802,0.9999987033579179,0.9999966056172943,0.9999928624606482,0.9999868880121241,0.9999780280725064,0.9999656062029111,0.9999489131736587,0.9999270227672158,0.9998989897267465,0.999863801616228,0.9998203654023787,0.999767517418513],"g_norm_ft":[0.9155955502223396,0.912315678136471,0.9089296329496587,0.905458775199031,0.9019012144734537,0.8982559276807682,0.8945212401247664,0.8906959037547327,0.8867787478053113,0.8827700084791006,0.8786837593703672,0.8745301008673061,0.8702843768268078,0.8659459246675342,0.8615159254617042,0.8569946302712047,0.8523834544918859],"rpm_hpt":[6026.22181582799,5993.905258838229,5961.324961635858,5928.768775061143,5896.243114289357,5863.74610763212,5831.284913673916,5798.847631781921,5766.44510399348,5734.082598460024,5701.933048830575,5670.080351559134,5638.236613017939,5606.393632525301,5574.528574450932,5542.624932822015,5510.672083194264],"rpm_lpt":[5236.274594392528,5201.4524343813155,5165.65928916718,5128.918685749797,5091.175091766925,5052.387121834692,5012.495297152507,4971.455410971891,4929.2035690373705,4885.693326175207,4840.923817991416,4794.909361940037,4747.493137311726,4698.605762955952,4648.206125505183,4596.230073010039,4542.61584569941],"rpm_ft":[1588.6571752479792,1559.4712557347311,1529.8195826197993,1499.8800911627518,1469.6366361233472,1439.0778942139666,1408.1862149786075,1376.9466452220913,1345.342434678624,1313.3656564731275,1281.1080976077667,1248.626248732037,1215.7165863363664,1182.3513846999015,1148.5114988414232,1114.1652139181087,1079.2814472618154]}