{"pi":[8,8.5,9,9.5,10,10.5,11,11.5,12,12.5,13,13.5,14,14.5,15,15.5,16,16.5,17,17.5,18,18.5,19,19.5,20,20.5,21,21.5,22,22.5],"pi_factor":[0.5,0.5,0.5,0.5,0.5,0.5,0.5,0.5,0.5,0.5,0.5,0.5,0.5,0.5,0.5,0.5,0.5,0.5,0.5,0.5,0.5,0.5,0.5,0.5,0.5,0.5,0.5,0.5,0.5,0.5],"mass_rate":[52.76746866306655,52.39605436927518,52.13131507719959,51.955433069127956,51.85466129886168,51.81833423215104,51.83581232826175,51.90129972699154,52.00259391631567,52.14053565541585,52.312956668905805,52.51712441204333,52.75049716702038,53.010713563797275,53.297290452173236,53.61151275715881,53.95113626008096,54.3122212319753,54.6939875807145,55.09551103830926,55.5161879143612,55.95558413391961,56.41326576413407,56.888695470553195,57.37675568796226,57.87920740811268,58.39824787909983,58.93402833734392,59.48645520736107,60.055120316548994],"specific_power":[303217.1223176156,305366.5050279498,306917.25263991737,307956.24355034466,308554.7104007646,308771.02162949677,308666.9096391595,308277.4436124404,307676.9598406522,306862.97712283046,305851.5713662617,304662.530158084,303314.6768141401,301825.7805706452,300202.8783125051,298443.3599640126,296564.6529272188,294592.9965129156,292536.7249258988,290404.78431854106,288204.22657048184,285941.077153388,283621.2331137961,281250.9562340367,278858.56926129456,276437.7868408293,273980.8227316054,271490.01097319357,268968.79204226146,266421.9123309455],"efficiency":[0.28900328596256725,0.2947503309858392,0.29991720169567576,0.30457374412988103,0.3087779218908184,0.3125781179015165,0.3160235285016776,0.31914622805527904,0.3220030081861777,0.32459806867167573,0.32694749536882173,0.3290696548855037,0.33098024992354524,0.332696785920383,0.33422717231201593,0.3355712173241036,0.33674386757776364,0.33776730762237983,0.33864856895295053,0.3393978662494278,0.3400211899325656,0.3405248752743135,0.34091434631145173,0.3411964848913171,0.3413944799398868,0.3415057874460418,0.34152506050296866,0.3414541637482981,0.3412969036918648,0.34105899607208134],"pi_low":[2.8284271247461903,2.9154759474226504,3,3.082207001484488,3.1622776601683795,3.24037034920393,3.3166247903554,3.391164991562634,3.4641016151377544,3.5355339059327378,3.605551275463989,3.6742346141747673,3.7416573867739413,3.8078865529319543,3.872983346207417,3.9370039370059056,4,4.06201920231798,4.123105625617661,4.183300132670378,4.242640687119285,4.301162633521313,4.358898943540674,4.415880433163924,4.47213595499958,4.527692569068709,4.58257569495584,4.636809247747852,4.69041575982343,4.743416490252569],"pi_high":[2.8284271247461903,2.9154759474226504,3,3.082207001484488,3.1622776601683795,3.24037034920393,3.3166247903554,3.391164991562634,3.4641016151377544,3.5355339059327378,3.605551275463989,3.6742346141747673,3.7416573867739413,3.8078865529319543,3.872983346207417,3.9370039370059056,4,4.06201920231798,4.123105625617661,4.183300132670378,4.242640687119285,4.301162633521313,4.358898943540674,4.415880433163924,4.47213595499958,4.527692569068709,4.58257569495584,4.636809247747852,4.69041575982343,4.743416490252569],"pi_t_low":[1.4479256780091405,1.4710623213441518,1.4938536022483104,1.5163446687106048,1.5385752018270438,1.5605843895554277,1.5823876701673645,1.6040191249787001,1.6254813532237495,1.6468136436575442,1.6680387850058123,1.6891758340613934,1.7102423780572515,1.7312500971950655,1.752226914335681,1.7731827485565828,1.794133803473242,1.8150761095790695,1.836023934815576,1.856983585254818,1.8779644177661718,1.8989781509714252,1.9200295425665328,1.9411252427039156,1.9622521400702948,1.9834227331715175,2.0046564926763244,2.025961521745919,2.0473438919520435,2.068805404750625],"pi_t_high":[1.656231675747454,1.6981721747297294,1.74007910533893,1.781992852390698,1.8239480395462493,1.8659607999318306,1.9080296376740205,1.9501898899275656,1.9922288000579347,2.034342313072405,2.0766061286248134,2.1190534810333954,2.1617022240994435,2.2045652860052987,2.247680100621183,2.2912263493074345,2.3351611710820133,2.3793893128740136,2.4239236493457925,2.4687725174432034,2.5139479708269077,2.559460222389364,2.605323494574646,2.6515391061549898,2.6979071566337245,2.744520419798756,2.7914826528177246,2.838811434087392,2.886512457318505,2.9345779855731373],"labour_hpc":[178950.70143134054,187177.09035472214,195141.43479962053,202865.5034859218,210368.06927025414,217661.44367576393,224759.20994329624,231674.51610973905,238382.1383061697,244922.68645973076,251314.90812883663,257569.7261030185,263695.07400594564,269697.58410699683,275584.4375472621,281387.5223389604,287101.4166365702,292716.41441155074,298237.1971212583,303667.56217240565,309011.5782121862,314272.8386860259,319455.2014131908,324560.85300567397,329570.31218546274,334496.57877892494,339352.82052485243,344142.4793971187,348867.68398197,353529.1195844401],"labour_lpc":[119910.60943684087,124093.14078238395,128078.6897219352,131886.64335632307,135533.6830985902,139034.20219805118,142400.67077592778,145643.9680750215,148773.87605126871,151799.30969594698,154727.4892999599,157565.14703068946,160318.57352337937,162992.73190765176,165593.04654110176,168123.2573132205,170587.86924095388,172989.9161991715,175333.36620471295,177620.89532174822,179855.43091033003,182040.06228318566,184176.72278936402,186267.67421421627,188315.63401717643,190322.03654805894,192288.94839229056,194218.11449563125,196111.1926634308,197969.3776060121],"labour_lpt":[121121.82771398067,125346.60685089289,129372.4138605406,133218.83167305362,136902.71020059616,140438.5880788396,143839.06138982603,147115.11926769846,150276.642476029,153332.6360565121,156290.39323228275,159156.7141724136,161937.95305391855,164639.12313904217,167265.70357687047,169821.47203355606,172310.97903126656,174737.28909007224,177104.41030779085,179415.04577954367,181672.1524346768,183878.85079109663,186037.09372663032,188149.16587294574,190217.81213856206,192244.4813616757,194231.2610023137,196179.91363195077,198092.11380144523,199969.06828890112],"labour_hpt":[180758.28427408135,189067.76803507286,197112.56040365712,204914.6499857796,212492.99926288298,219860.04411693328,227029.50499322853,234014.66273711016,240790.0386931007,247396.65298962704,253853.44255438042,260171.4405080995,266358.66061206633,272421.80212827964,278368.11873460823,284229.82054440444,290001.4309460305,295673.14587025327,301249.6940618771,306734.91128525825,312132.9072850366,317447.3118040665,322682.02162948565,327839.2454602767,332899.30523784115,337875.3320999242,342780.62679278024,347618.66605769563,352391.5999817879,357100.1207923637],"labour_ft":[303217.1223176156,305366.5050279498,306917.25263991737,307956.24355034466,308554.7104007646,308771.02162949677,308666.9096391595,308277.4436124404,307676.9598406522,306862.97712283046,305851.5713662617,304662.530158084,303314.6768141401,301825.7805706452,300202.8783125051,298443.3599640126,296564.6529272188,294592.9965129156,292536.7249258988,290404.78431854106,288204.22657048184,285941.077153388,283621.2331137961,281250.9562340367,278858.56926129456,276437.7868408293,273980.8227316054,271490.01097319357,268968.79204226146,266421.9123309455],"heat":[1049182.2655500511,1036017.5135566536,1023339.9448403247,1011105.682895047,999277.1131799615,987820.3365687317,976721.2938308831,965944.186434326,955509.5822668762,945362.917218143,935476.1106863283,925829.9136214431,916413.2206807031,907209.7878422983,898200.0961676819,889359.2315331623,880683.1585692758,872177.3536539758,863835.7038695823,855647.0537888382,847606.6642424248,839706.8699402505,831942.7920310695,824307.8949761891,816822.1387481026,809467.3560532461,802227.5798095462,795099.4300169718,788078.6175695759,781160.7827363638]}