{"pi":[12,12.5,13,13.5,14,14.5,15,15.5,16,16.5,17,17.5,18,18.5,19,19.5,20,20.5,21,21.5,22,22.5,23,23.5,24,24.5,25,25.5,26,26.5],"pi_factor":[0.5,0.5,0.5,0.5,0.5,0.5,0.5,0.5,0.5,0.5,0.5,0.5,0.5,0.5,0.5,0.5,0.5,0.5,0.5,0.5,0.5,0.5,0.5,0.5,0.5,0.5,0.5,0.5,0.5,0.5],"mass_rate":[33.83376556226453,33.67051953028556,33.52837485152741,33.404862599704174,33.29792935814008,33.2058153132583,33.12697000524808,33.06056597551982,33.00333534117849,32.956727232237334,32.91894692720335,32.888340222933714,32.86425822863535,32.84697708337731,32.83590494824505,32.83059039553214,32.83060507695258,32.835609898327405,32.845346725787394,32.8594356259377,32.87758485512255,32.89956091594852,32.92512342806851,32.95404093966716,32.987303601344784,33.02444302784958,33.063948968500775,33.1061543261245,33.1508370732498,33.197941078661835],"specific_power":[472900.36252556875,475193.1429394343,477207.7403349333,478972.1841317106,480510.3593052283,481843.31115073024,482990.1436039948,483960.25681615475,484799.48570642463,485485.09951404564,486042.27940165426,486494.6023892952,486851.09180583444,487107.2293619687,487271.47996130184,487350.3585295686,487350.14059281425,487275.85842146986,487131.40809800464,486922.54432301776,486653.7511956901,486328.6790020282,485951.101594355,485524.674479014,485035.09693795437,484489.6244429367,483910.7396168199,483293.8263498092,482642.4130602356,481957.5997827194],"efficiency":[0.45257928260424446,0.4580666481767282,0.4632709779446564,0.46821693617553894,0.47292534712981144,0.47741449325568835,0.4817016054444801,0.4857975668907444,0.48973949273351297,0.49350615694605654,0.49712278230934326,0.5006062423676902,0.5039649898341255,0.5071995262165924,0.5103189992036035,0.5133293695499173,0.5162369973101683,0.5190481183460351,0.5217652251607162,0.5243964980041949,0.5269442621992847,0.5294130061579643,0.531806524674422,0.5341299059988929,0.5363769796864132,0.5385526546168392,0.5406702098384525,0.5427284933086853,0.5447312987142018,0.546679712100127],"pi_low":[3.4641016151377544,3.5355339059327378,3.605551275463989,3.6742346141747673,3.7416573867739413,3.8078865529319543,3.872983346207417,3.9370039370059056,4,4.06201920231798,4.123105625617661,4.183300132670378,4.242640687119285,4.301162633521313,4.358898943540674,4.415880433163924,4.47213595499958,4.527692569068709,4.58257569495584,4.636809247747852,4.69041575982343,4.743416490252569,4.795831523312719,4.847679857416329,4.898979485566356,4.949747468305833,5,5.049752469181039,5.0990195135927845,5.1478150704935],"pi_high":[3.4641016151377544,3.5355339059327378,3.605551275463989,3.6742346141747673,3.7416573867739413,3.8078865529319543,3.872983346207417,3.9370039370059056,4,4.06201920231798,4.123105625617661,4.183300132670378,4.242640687119285,4.301162633521313,4.358898943540674,4.415880433163924,4.47213595499958,4.527692569068709,4.58257569495584,4.636809247747852,4.69041575982343,4.743416490252569,4.795831523312719,4.847679857416329,4.898979485566356,4.949747468305833,5,5.049752469181039,5.0990195135927845,5.1478150704935],"pi_t_low":[1.3981745063218707,1.4094712217171559,1.420586920114615,1.4315343571553445,1.4423258369059544,1.4529717779865883,1.4634810588582456,1.47386998361979,1.4841314208252194,1.4942807672197582,1.504323441639348,1.5142613851408917,1.524098958221157,1.5338485850838475,1.5435140230915776,1.5530995676832473,1.5626110717065236,1.5720507010884164,1.5814246781754848,1.5907354124434596,1.599985737771839,1.6091790184659123,1.6183191140208475,1.6274078594122554,1.6364577554472264,1.6454741278443552,1.6544396275515008,1.663363718001925,1.672247166337084,1.6810940954144051],"pi_t_high":[1.5541202437649702,1.5731997839163137,1.5921059659733712,1.6108505905080979,1.629446319207027,1.6479032127466635,1.6662311259518123,1.6844447301293373,1.7025288829469647,1.7204997515724603,1.7383651529662947,1.7560713834589972,1.773623699837552,1.7910861949685544,1.8084610153234346,1.8257553528303208,1.8429726890872078,1.8601230689511652,1.8772155283125251,1.8942500288348472,1.9112303305462965,1.9281624220351858,1.9450472823107192,1.9618886190181177,1.9787846509871538,1.9956899966950943,2.012551469345785,2.029387715358445,2.046193440636918,2.0629773664979756],"labour_hpc":[179015.1334831203,183653.77766610595,188179.53933403105,192598.98861478924,196918.55167942084,201143.72060847332,205279.66113231497,209330.4411585613,213299.23024503706,217189.91712644332,221006.40095718368,224739.46706261582,228392.63957718713,231981.36461177425,235507.76336874478,238974.90617203052,242384.98905878942,245741.3934966768,249047.20378084944,252303.5697194485,255512.40328357418,258675.9136017129,261795.30480910046,264872.2186628836,267925.3418940906,270944.6279507066,273925.5519217465,276870.22549757536,279778.4646175676,282652.51551063854],"labour_lpc":[123881.89302049976,126323.63816449986,128684.16868299402,130969.12093392471,133183.71287514086,135332.49290353752,137419.40757140957,139448.57034301417,141422.99083210234,143346.11399761125,145220.46257735323,147049.0033353357,148833.9037864876,150577.7174917915,152282.28328090467,153949.39198219148,155581.16034226166,157178.7009234211,158743.95915527054,160278.18005860716,161782.6129016881,163258.4952293785,164707.21587837383,166129.659547262,167526.70102042294,168899.49027596024,170248.92709327993,171575.70683378636,172880.54960012395,174164.49315511016],"labour_lpt":[125133.22527323208,127599.63450959582,129984.00877070102,132292.0413473987,134529.00290418268,136699.48778135102,138807.4823953632,140857.14176062038,142851.50589101246,144794.05454304165,146687.33593672042,148534.3468033694,150337.27655200765,152098.70453716314,153820.48816252997,155504.43634564796,157152.6872144057,158766.36456911222,160347.43349017226,161897.15157435066,163416.78070877586,164907.57093876615,166370.92512967053,167807.73691642628,169218.88991961913,170605.54573329317,171968.6132255353,173308.7947816024,174626.817777903,175923.73045970724],"labour_hpt":[180823.36715466698,185508.86632939996,190080.3427616475,194544.43294423155,198907.62795901095,203175.47536209426,207353.19306294443,211444.89005915282,215453.76792427988,219383.75467317508,223238.78884564008,227009.56268951093,230699.63593655266,234324.6107189639,237886.62966539877,241388.79411316215,244833.32228160548,248223.62979462303,251562.83210186812,254852.09062570558,258093.33665007493,261288.80161789182,264439.7018273742,267547.6956190744,270631.65847887937,273681.4423744511,276692.47668863286,279666.8944419953,282604.5097147148,285507.5914248874],"labour_ft":[472900.36252556875,475193.1429394343,477207.7403349333,478972.1841317106,480510.3593052283,481843.31115073024,482990.1436039948,483960.25681615475,484799.48570642463,485485.09951404564,486042.27940165426,486494.6023892952,486851.09180583444,487107.2293619687,487271.47996130184,487350.3585295686,487350.14059281425,487275.85842146986,487131.40809800464,486922.54432301776,486653.7511956901,486328.6790020282,485951.101594355,485524.674479014,485035.09693795437,484489.6244429367,483910.7396168199,483293.8263498092,482642.4130602356,481957.5997827194],"heat":[1044900.5968730875,1037388.6525702664,1030083.3919105155,1022970.6512626861,1016038.497875934,1009276.6724881767,1002674.9716939925,996217.9512623972,989912.9902726134,983746.7935929163,977710.7320324057,971810.8988980001,966041.4942039447,960385.813045804,954837.0347208917,949391.1461891867,944043.4202355356,938787.4480196389,933621.8371930717,928538.8940929249,923539.3306391917,918618.6839862398,913774.2375234298,909001.1044616933,904280.2269805179,899614.2165293635,895020.1635141099,890489.1346379492,886019.2432479602,881608.7173442546]}