{"pi":[8,8.5,9,9.5,10,10.5,11,11.5,12,12.5,13,13.5,14,14.5,15,15.5,16,16.5,17,17.5,18,18.5,19,19.5,20,20.5,21,21.5,22,22.5],"pi_factor":[0.5,0.5,0.5,0.5,0.5,0.5,0.5,0.5,0.5,0.5,0.5,0.5,0.5,0.5,0.5,0.5,0.5,0.5,0.5,0.5,0.5,0.5,0.5,0.5,0.5,0.5,0.5,0.5,0.5,0.5],"mass_rate":[53.78736180100939,53.46426616907017,53.24967418859261,53.12572235819628,53.07907958330783,53.096305308112015,53.16897947297144,53.283909173290056,53.44285200623734,53.64214988771284,53.878290655455096,54.148271689208556,54.449590301933334,54.78579002254106,55.153305244042926,55.5470911005501,55.96613157480353,56.40935543654317,56.8760433223494,57.36552776713279,57.87735062194026,58.408610708193265,58.955126357154015,59.52220222769379,60.10971111250601,60.71768399248407,61.34606750003261,61.99511219235116,62.66460667632631,63.35536602470439],"specific_power":[297467.64786853216,299265.3064647547,300471.32200909493,301172.3754478325,301437.02802698256,301339.23456921836,300927.34821313684,300278.26877275016,299385.2199005516,298272.9072845182,296965.6202034692,295484.9619547268,293849.77758835204,292046.53238398064,290100.4741094488,288043.8864212918,285887.1883723932,283640.89389390295,281313.5208671031,278913.1491119497,276446.65535078396,273932.2131788969,271392.85400002287,268807.25848808914,266179.9516895557,263514.6624166455,260815.41412563235,258084.8624058793,255327.54211069748,252543.72287520306],"efficiency":[0.2857068113161959,0.29123203496626887,0.296176869483729,0.30061034483518717,0.3045892340679408,0.30817151233037693,0.31139952435977236,0.3143328907134589,0.31697284738282766,0.31934166187286034,0.32146171612293994,0.32335081063337806,0.3250279049070892,0.32648492847161964,0.3277417812788761,0.3288262522369485,0.3297477644101312,0.33051632758480903,0.3311414758514084,0.33162905754558725,0.33198689866610914,0.33223086664285284,0.3323809453323116,0.33242188224610425,0.33235827983399335,0.3321934959655562,0.33193182251935965,0.33157651930961823,0.3311314303161608,0.33059829575828514],"pi_low":[2.8284271247461903,2.9154759474226504,3,3.082207001484488,3.1622776601683795,3.24037034920393,3.3166247903554,3.391164991562634,3.4641016151377544,3.5355339059327378,3.605551275463989,3.6742346141747673,3.7416573867739413,3.8078865529319543,3.872983346207417,3.9370039370059056,4,4.06201920231798,4.123105625617661,4.183300132670378,4.242640687119285,4.301162633521313,4.358898943540674,4.415880433163924,4.47213595499958,4.527692569068709,4.58257569495584,4.636809247747852,4.69041575982343,4.743416490252569],"pi_high":[2.8284271247461903,2.9154759474226504,3,3.082207001484488,3.1622776601683795,3.24037034920393,3.3166247903554,3.391164991562634,3.4641016151377544,3.5355339059327378,3.605551275463989,3.6742346141747673,3.7416573867739413,3.8078865529319543,3.872983346207417,3.9370039370059056,4,4.06201920231798,4.123105625617661,4.183300132670378,4.242640687119285,4.301162633521313,4.358898943540674,4.415880433163924,4.47213595499958,4.527692569068709,4.58257569495584,4.636809247747852,4.69041575982343,4.743416490252569],"pi_t_low":[1.4527444275239818,1.476390531190039,1.4997097004064188,1.5227469436342733,1.5455476317149561,1.5681303850380686,1.5905299269789266,1.6127543208964845,1.6348486701520755,1.6568381235531062,1.6787412136403816,1.7005762532658013,1.7223605978019572,1.7441352338980287,1.7658980349205018,1.787650654376332,1.809409649150947,1.8311835350506451,1.8529834763248263,1.8748221388478998,1.8967039268689714,1.9186324480151753,1.9405941537279352,1.9626237396873132,1.984728204440098,2.0069170880017655,2.0291941148329653,2.051567164464668,2.074044887064964,2.0966336697395396],"pi_t_high":[1.6772417687903562,1.7212080294146148,1.7652075110309722,1.809280154961107,1.8534544824693235,1.8977187501275439,1.9420766115879862,1.9863355286217226,2.0307480738308543,2.0753633696166975,2.1202116823943196,2.1653143054580735,2.2106896721389515,2.2565390442635405,2.302867380697508,2.349539103920252,2.396569803376415,2.44397332436991,2.491765700561014,2.5399554373708924,2.5885637805453436,2.637495518684984,2.686611098003614,2.7361350001507745,2.786078732046176,2.836452247982023,2.8872667708567175,2.9385388732064137,2.9902579991937395,3.0424627313205335],"labour_hpc":[183095.75839425522,191576.14720474876,199790.08067479957,207759.3825870779,215500.16642493522,223025.77435436615,230345.4837241804,237438.80667934474,244356.548500883,251113.90201733581,257721.99924185014,264189.8878065532,270525.46859960293,276758.24435827375,282896.0438697612,288921.8772192713,294841.3486302262,300659.46841111337,306381.1793449021,312010.3060632081,317551.8237642025,322997.5382908403,328335.36912767973,333592.83857266326,338773.2049057408,343879.3034591182,348914.054339499,353880.67406218656,358779.66906504246,363616.05449267],"labour_lpc":[123323.00068171279,127644.0422995011,131762.64023332807,135698.64315299471,139469.21088644594,143089.1039627665,146571.1137038951,149926.73072548292,153165.9858132665,156297.7500070803,159329.38474450758,162267.8587815552,165119.50012465724,167889.51170225785,170583.10991555685,173204.2690367328,175757.74265498618,178246.9054816213,180675.29449166145,183046.59825505904,185362.8730141651,187627.834182063,189843.4119348759,192012.26856349324,194136.46782099982,196218.26426329548,198259.11685412732,200260.80247642705,202225.50891075682,204154.29913824066],"labour_lpt":[124568.68755728565,128933.37606010212,133093.5759932607,137069.33651817648,140877.99079438986,144534.4484472389,148051.63000393444,151441.14214695245,154713.11698309748,157876.51515866697,160938.77246919958,163906.92806217697,166787.37386329015,169585.365355816,172306.17163187562,174953.8071078109,177533.07338887494,180047.37927436497,182500.2974663247,184895.55379298894,187235.2252668334,189523.06483036667,191761.0221564403,193951.78642777095,196097.44224343417,198200.2669326217,200261.73419608822,202283.63886507784,204268.19081894628,206216.46377600066],"labour_hpt":[184945.21049924768,193511.25980277653,201808.16229777734,209857.9622091696,217676.93578276286,225278.5599539052,232672.2057820004,239837.17846398457,246824.79646553838,253650.406078117,260325.2517594446,266858.4725318719,273258.049090508,279553.7821800745,285753.5796664255,291840.280019466,297819.5440709356,303696.4327384984,309475.93873222434,315161.92531637184,320759.41794363887,326260.1396877175,331651.8880077573,336962.46320471034,342195.15647044533,347352.83177688706,352438.4387267667,357455.226325441,362403.7061263055,367288.9439319899],"labour_ft":[297467.64786853216,299265.3064647547,300471.32200909493,301172.3754478325,301437.02802698256,301339.23456921836,300927.34821313684,300278.26877275016,299385.2199005516,298272.9072845182,296965.6202034692,295484.9619547268,293849.77758835204,292046.53238398064,290100.4741094488,288043.8864212918,285887.1883723932,283640.89389390295,281313.5208671031,278913.1491119497,276446.65535078396,273932.2131788969,271392.85400002287,268807.25848808914,266179.9516895557,263514.6624166455,260815.41412563235,258084.8624058793,255327.54211069748,252543.72287520306],"heat":[1041164.0047997328,1027583.7494986301,1014499.621570218,1001869.6316420962,989650.9604136071,977829.6257512796,966370.609691309,955287.4600274628,944513.772622819,934024.4098913398,923797.7815370634,913821.6210929925,904075.5367522994,894517.6543099367,885149.5008584266,875975.943106059,866987.4953778748,858175.1345434574,849526.6868754781,841039.5372956999,832703.5086671177,824523.6691790387,816511.4691778935,808632.8633717354,800882.5651116847,793256.5375812423,785749.9535478269,778356.8720223093,771076.1309094501,763899.0464120505]}