{"pi":[8,8.5,9,9.5,10,10.5,11,11.5,12,12.5,13,13.5,14,14.5,15,15.5,16,16.5,17,17.5,18,18.5,19,19.5,20,20.5,21,21.5,22,22.5],"pi_factor":[0.5,0.5,0.5,0.5,0.5,0.5,0.5,0.5,0.5,0.5,0.5,0.5,0.5,0.5,0.5,0.5,0.5,0.5,0.5,0.5,0.5,0.5,0.5,0.5,0.5,0.5,0.5,0.5,0.5,0.5],"mass_rate":[51.919053488167066,51.50945947898921,51.21970416679594,51.01721856758382,50.888393750783365,50.82299420795071,50.8090152416881,50.835268488021704,50.902556162946674,51.00635759664976,51.143065729903505,51.31016948030404,51.50504880069958,51.729380141858954,51.981335596811974,52.25687583040533,52.552607156971604,52.86817499528731,53.20279322738746,53.55568662567775,53.92604642766521,54.31155670979132,54.70876594277901,55.12185431769642,55.549957299036095,55.99311973592644,56.45088063654395,56.92311229394505,57.40982697462892,57.91081577749397],"specific_power":[308172.02789813146,310622.55674661906,312379.7815757842,313619.60626693885,314413.5395264603,314818.1300482484,314904.745228603,314742.116563623,314326.06152000726,313686.3864407939,312847.88605554303,311829.0226295544,310649.1571712223,309301.9857597896,307802.7876025041,306179.80401137,304456.82651307713,302639.536950656,300736.08976912894,298754.45556006854,296702.6336978351,294596.60096827074,292457.7026053689,290265.9969997296,288029.0242865341,285749.39341581357,283432.24799299706,281080.9064229949,278697.93105404876,276286.9040124646],"efficiency":[0.2929710408562208,0.29897646217089685,0.30433998189294453,0.30919211074551506,0.3135902080795807,0.31758231589835645,0.3212232190378018,0.3245687261730235,0.3276215306623202,0.3304076680667899,0.3329496885073432,0.3352644682626941,0.33736979980542225,0.3392636748754929,0.34096117756043,0.3424843487421833,0.3438528132473804,0.3450738331212608,0.3461550139650635,0.34710383420667135,0.3479300362908508,0.34864412561704305,0.3492675203457807,0.3497839315719328,0.35020188818399994,0.35052358260557903,0.3507551385086572,0.35090024934023545,0.3509610613345144,0.35094159810786413],"pi_low":[2.8284271247461903,2.9154759474226504,3,3.082207001484488,3.1622776601683795,3.24037034920393,3.3166247903554,3.391164991562634,3.4641016151377544,3.5355339059327378,3.605551275463989,3.6742346141747673,3.7416573867739413,3.8078865529319543,3.872983346207417,3.9370039370059056,4,4.06201920231798,4.123105625617661,4.183300132670378,4.242640687119285,4.301162633521313,4.358898943540674,4.415880433163924,4.47213595499958,4.527692569068709,4.58257569495584,4.636809247747852,4.69041575982343,4.743416490252569],"pi_high":[2.8284271247461903,2.9154759474226504,3,3.082207001484488,3.1622776601683795,3.24037034920393,3.3166247903554,3.391164991562634,3.4641016151377544,3.5355339059327378,3.605551275463989,3.6742346141747673,3.7416573867739413,3.8078865529319543,3.872983346207417,3.9370039370059056,4,4.06201920231798,4.123105625617661,4.183300132670378,4.242640687119285,4.301162633521313,4.358898943540674,4.415880433163924,4.47213595499958,4.527692569068709,4.58257569495584,4.636809247747852,4.69041575982343,4.743416490252569],"pi_t_low":[1.4488935420303208,1.472025060984502,1.4948362970379558,1.5173406997746481,1.539578128563594,1.5615891709025542,1.5833840861856143,1.6049805582008174,1.6264220851829867,1.64773077634818,1.6689245182402817,1.6900232734140324,1.7110438147221196,1.73201474413197,1.752952180111722,1.7738624748110052,1.7947392084599256,1.8155996894597752,1.8364554527765697,1.8573189202036773,1.8781933280431586,1.899083867837411,1.9199795245118474,1.940912231084512,1.961885914643762,1.9829101930125328,2.003987591680654,2.0251246506810694,2.046331506315456,2.067610265601467],"pi_t_high":[1.6268701537777857,1.6660680838641055,1.7055958440467685,1.7450841637527015,1.7845680572756029,1.824072710370353,1.8635505968731525,1.9028411288986797,1.9421750133873934,1.9815710996357896,2.0210553623879455,2.060667011395328,2.100422127408479,2.1404893714284206,2.1808892344499458,2.221518034552447,2.262354060697074,2.303417951396193,2.3447265831752118,2.3862884851122432,2.4281143200880746,2.4701340576915483,2.512232444482797,2.5546089498308886,2.5972492557399622,2.6401718514377506,2.683377406593258,2.726873926623983,2.770669775813833,2.814769163694499],"labour_hpc":[172989.60866121945,180858.2965157658,188557.20770901671,196023.8435287731,203276.66500927115,210329.0460853542,217186.21633133365,223828.7025200835,230305.1314008784,236625.8495240494,242801.53636958974,248844.09357833682,254761.0665524056,260581.52736907144,266311.08117004845,271935.4121104121,277459.54320146,282887.47447964456,288224.4257176538,293474.2218932586,298640.6815492833,303717.85539893445,308694.9163579868,313598.4240100702,318428.64813354856,323189.6180480867,327883.13439567585,332511.7254919341,337077.8513354945,341583.3458483703],"labour_lpc":[123323.00068171279,127644.0422995011,131762.64023332807,135698.64315299471,139469.21088644594,143089.1039627665,146571.1137038951,149926.73072548292,153165.9858132665,156297.7500070803,159329.38474450758,162267.8587815552,165119.50012465724,167889.51170225785,170583.10991555685,173204.2690367328,175757.74265498618,178246.9054816213,180675.29449166145,183046.59825505904,185362.8730141651,187627.834182063,189843.4119348759,192012.26856349324,194136.46782099982,196218.26426329548,198259.11685412732,200260.80247642705,202225.50891075682,204154.29913824066],"labour_lpt":[124568.68755728565,128933.37606010212,133093.5759932607,137069.33651817648,140877.99079438986,144534.4484472389,148051.63000393444,151441.14214695245,154713.11698309748,157876.51515866697,160938.77246919958,163906.92806217697,166787.37386329015,169585.365355816,172306.17163187562,174953.8071078109,177533.07338887494,180047.37927436497,182500.2974663247,184895.55379298894,187235.2252668334,189523.06483036667,191761.0221564403,193951.78642777095,196097.44224343417,198200.2669326217,200261.73419608822,202283.63886507784,204268.19081894628,206216.46377600066],"labour_hpt":[174736.9784456762,182685.14799572303,190461.82596870375,198003.8823522961,205329.96465582945,212453.5819043982,219380.01649629662,226089.59850513484,232631.44585947314,239016.00962025192,245254.07714099973,251357.6702811483,257334.41065899556,263213.6640091631,269001.09209095803,274682.2344549617,280262.1648499596,285744.9237168127,291135.7835531857,296438.6079729885,301657.25409018516,306785.7125241762,311813.0468262493,316766.0848586568,321645.0991247965,326454.159644532,331195.08524815744,335870.42978983244,340482.6781166611,345033.6826751215],"labour_ft":[308172.02789813146,310622.55674661906,312379.7815757842,313619.60626693885,314413.5395264603,314818.1300482484,314904.745228603,314742.116563623,314326.06152000726,313686.3864407939,312847.88605554303,311829.0226295544,310649.1571712223,309301.9857597896,307802.7876025041,306179.80401137,304456.82651307713,302639.536950656,300736.08976912894,298754.45556006854,296702.6336978351,294596.60096827074,292457.7026053689,290265.9969997296,288029.0242865341,285749.39341581357,283432.24799299706,281080.9064229949,278697.93105404876,276286.9040124646],"heat":[1051885.6300523258,1038953.2155513475,1026417.165542409,1014319.5617467352,1002625.5011338576,991296.1594152718,980329.9592472634,969724.1021177066,959418.2069919679,949391.9686433674,939625.1050964511,930098.6300320466,920797.1707911881,911686.1269433014,902750.248004264,893996.4851995535,885427.7609008237,877028.3571293186,868790.2172044847,860706.2962669125,852765.2192977316,844977.9569550554,837345.8325464415,829843.7143618091,822465.6519704442,815207.3286816437,808062.9957357033,801027.9472627471,794099.2940764193,787273.1688180951]}