{"t":[1450,1430,1410,1390,1370,1350,1330,1310,1290,1270,1250,1230,1210,1190,1170],"power":[15.604756938179856,15.135207990030652,14.595291538604037,13.980716206398437,13.293670248391575,12.542934613225928,11.745281355338749,10.922502519544596,10.09721342012675,9.28788441388405,8.507984699995623,7.765847345804818,7.065714105682624,6.408945841734326,5.795557604063467],"mass_rate":[42.08562854762835,41.33278051944304,40.48040056962459,39.52366695516055,38.46619970922808,37.31921129437944,36.10333199928708,34.84468160318524,33.569930682393675,32.30053735634599,31.051731387528562,29.833012477145346,28.649161500725917,27.501660934506592,26.39083855874644],"eta":[0.3325220250559809,0.32821540757531453,0.32299681630365423,0.3167094187788999,0.3092369063586433,0.3005313653859063,0.290657640830141,0.27978212904125305,0.26813859551320085,0.2559723152753257,0.2435025567232179,0.23090343113827516,0.21830233152429418,0.2057871584659572,0.1934260453812661],"pi_lpc":[4.795535203069059,4.792502420475908,4.778737369917594,4.752730714266012,4.713573378445732,4.661288383580008,4.597057291889064,4.523005572320163,4.441693406329245,4.355476378648029,4.266229004090735,4.175273157677159,4.083438500391925,3.991165856577957,3.8986876696373667],"pi_hpc":[4.901204398173815,4.781488263836251,4.661712009197681,4.542224772436628,4.423661633440084,4.3066049863628955,4.191684783127949,4.079436626869811,3.9702589511597184,3.8643204740303467,3.7616463527169195,3.662185055898678,3.565818259847959,3.4724042652812788,3.3818561945751093],"pi_ft":[3.4896151257183416,3.4259396205271773,3.3541158317950157,3.273943363522601,3.1860147215781454,3.09161975095738,2.992824274223378,2.8920590348453468,2.79164559279379,2.6933203985691,2.598192215300548,2.5068359733680925,2.4194190491341763,2.335848809557173,2.2559496028898445],"g_norm_hpt":[1.0000003533515467,1.0000000003945213,0.9999998198774163,0.999998240451492,0.9999936257703486,0.9999842744478681,0.9999684199491872,0.9999442303415031,0.9999098077247063,0.9998631869832219,0.9998023333386827,0.9997251381468778,0.9996294124579205,0.9995128779549843,0.9993731551883002],"g_norm_lpt":[0.9999999999999993,0.9999999999999989,0.9999999999999852,0.9999999999988473,0.9999999999616087,0.9999999994086546,0.9999999946878172,0.999999967867528,0.999999856554241,0.9999994951523795,0.99999852786905,0.9999963046128375,0.9999917726829926,0.9999833719058665,0.9999689486731331],"g_norm_ft":[1.0000015388173762,0.9999998557720713,0.9999858591222057,0.9999069107623229,0.9996785084678516,0.9991853706144215,0.9982959257665881,0.9968870764235777,0.994868092621998,0.9921888564479711,0.9888362633337766,0.9848236516816244,0.9801782161545247,0.9749316441685166,0.9691191679224053],"rpm_hpt":[6015.183135044149,5964.832420590532,5912.161169763808,5858.468239394257,5803.795796265111,5748.086998504963,5691.299288028286,5633.3917398327085,5574.361580056556,5514.192438228017,5452.886010671352,5390.46314120187,5326.938071029814,5262.313248084941,5196.634742018917],"rpm_lpt":[5999.205885022067,5950.080787659157,5896.212284371344,5838.294396608748,5777.795750709066,5716.721806583337,5657.41062781215,5601.996563929992,5551.99598744287,5508.106644380904,5470.3677787344,5438.379982665141,5411.500531786102,5388.974848900806,5370.017287987682],"rpm_ft":[3000.2026758512825,2969.440150292583,2933.3451099735507,2891.2310451106473,2842.730967714836,2787.8464303331207,2727.1303237772527,2661.594434035572,2592.501435659374,2521.0165937759084,2448.1135773713027,2374.5018142041563,2300.6439767015795,2226.802651798861,2153.1500807612633]}