{"t":[1450,1430,1410,1390,1370,1350,1330,1310,1290,1270,1250,1230,1210,1190,1170],"power":[15.680323870705424,15.165587200189329,14.563990794395284,13.86823769315084,13.078711512821743,12.207022842573796,11.27870220794455,10.327006777840507,9.386171524595117,8.482273165441244,7.631862156062993,6.843176844306884,6.118035005128391,5.455013829506801,4.850726790100831],"mass_rate":[53.23017866407042,52.234481831830934,51.08787661353853,49.779041900363254,48.30822487851556,46.69209184011449,44.9671782223848,43.18252421954605,41.38776311811293,39.621639142683726,37.909585842537815,36.26557285466203,34.6942195325674,33.19566143187787,31.767049338197143],"eta":[0.3234197412805148,0.31865785733273244,0.31277499925927305,0.30554994867523794,0.2967998037651488,0.2864452494975502,0.2746107889918433,0.26157635773341636,0.24773830482893022,0.23349369320083596,0.21916418318557745,0.20498375979610858,0.1911035893144472,0.17761384901906002,0.1645672915936398],"pi_lpc":[5.654259077620566,5.647984595544176,5.626206658769914,5.586334585045549,5.526612029844128,5.446969754614301,5.349649669754799,5.238843437687493,5.119518871980248,4.996096076109419,4.871876230089431,4.7490174747288885,4.628660454419495,4.511367851228453,4.3972815631254445],"pi_hpc":[5.741624701496212,5.599494612336534,5.4573051011709275,5.315507597642623,5.17480718066323,5.03599311587015,4.899922455636009,4.767284445063412,4.6385042287079274,4.513669980631446,4.3926787765123825,4.275339705511639,4.16139007996963,4.050597729840319,3.9427516728671166],"pi_ft":[3.12417709200705,3.064674957562736,2.9964147154875085,2.9189507765106986,2.8326408829278593,2.7389021176416506,2.640307542043857,2.540017737283187,2.440992043651591,2.345337793276685,2.2542561732437605,2.168235854696525,2.0872415864455864,2.011016354081065,1.9391773337157077],"g_norm_hpt":[1.0000001211983067,0.999999997411504,0.9999995365078731,0.9999971677942453,0.9999912567660783,0.9999801050498016,0.9999619502582444,0.9999349656205868,0.9998972590029049,0.9998468706145824,0.9997817686119704,0.9996998421332073,0.9995988916689874,0.9994766171220802,0.9993306037897975],"g_norm_lpt":[0.999999999999998,0.9999999999999969,0.9999999999999711,0.9999999999979612,0.9999999999275123,0.9999999987957858,0.9999999885341505,0.9999999282280734,0.9999996760105412,0.9999988686171408,0.9999967714808895,0.9999921423035117,0.9999831311488876,0.9999672332313635,0.9999412737021975],"g_norm_ft":[1.0000019667100226,0.9999998739566501,0.9999841133412652,0.9998895656772159,0.9996041716369872,0.9989678544943708,0.9977964786777396,0.9959272600937076,0.9932603058618218,0.9897685005389115,0.9854827603984482,0.9804680414310198,0.9747980963683194,0.9685472420884746,0.9617817197450091],"rpm_hpt":[6007.084427201989,5958.862488423519,5908.599492888563,5857.342187480931,5805.091283816468,5751.8009461273405,5697.436958207365,5641.963988602252,5585.380622189594,5527.687174887571,5468.9109868815385,5409.101646874759,5348.275093987321,5286.462232587823,5223.6826896006505],"rpm_lpt":[5996.779016405357,5946.772080341435,5890.62197072179,5828.777820811437,5762.614160988509,5694.481615682972,5627.454023228514,5564.535280542565,5507.928699715703,5458.7155171321865,5417.07518564384,5382.633535414513,5354.7227220137775,5332.611959392908,5315.572541236697],"rpm_ft":[3003.14791774428,2969.5746997524925,2929.4386230791847,2881.6955965348648,2825.6160780450837,2761.081126404311,2688.9376728454827,2610.789431388195,2528.697559556051,2444.5157885163076,2359.688241858504,2275.2042900015026,2191.607233951602,2109.1907128096586,2028.050666141287]}