{"t":[1450,1440,1430,1420,1410,1400,1390,1380,1370,1360,1350,1340,1330,1320,1310,1300,1290],"power":[15.958746694596465,15.744089513204624,15.516870798685341,15.276942271872814,15.024140209297267,14.758544064179064,14.480363148250255,14.190056280968632,13.888257305178266,13.575872835630475,13.253879925683462,12.923738304745674,12.586764596291378,12.244402022179141,11.898097292272398,11.549534129090901,11.200104200170417],"mass_rate":[48.5872964079552,48.21464617134369,47.822895365384625,47.411990663398484,46.98181791934254,46.53261314228877,46.064767001507704,45.57900831983128,45.076252952097995,44.55779063043719,44.02507190847194,43.479728770385215,42.92369147626684,42.3588134750901,41.78709206801969,41.21036569240255,40.63046374510585],"eta":[0.30485454161392006,0.30304753965157855,0.30108925767429684,0.29897128441935167,0.2966848957366333,0.29422157845827546,0.2915748663353168,0.2887449878770238,0.2857206362412382,0.28250575792692606,0.27910151844779274,0.27551831322718257,0.27176097633193463,0.26784154085234774,0.2637675633286813,0.25955508205296757,0.25522150567163965],"pi_lpc":[3.9927782077582585,3.9918921031360415,3.9896972381398363,3.986105127189214,3.981042128191145,3.974450874907122,3.9662889396117142,3.9565335498717067,3.945185761804902,3.932269103970226,3.9178281553970207,3.901928422795882,3.884658634864321,3.8661152775815846,3.8464097634061383,3.8256537944304156,3.8039589731646415],"pi_hpc":[2.512949607204496,2.4850861058267775,2.457151209433789,2.4291805562313624,2.401194326733977,2.3732199688376303,2.3452821193490863,2.3174098899878817,2.2896274508915853,2.261964925000396,2.234448378450261,2.207102462894797,2.1799556523161305,2.153029498434482,2.1263471906388003,2.0999259595234205,2.0737842032591582],"pi_ft":[3.0704998280485363,3.046321929404641,3.0209351662558177,2.9943454432028767,2.9665559577777065,2.937595757408319,2.907505772191954,2.876350510321603,2.8442083002642065,2.811182389350095,2.777385993303004,2.7429438774289063,2.707998624664973,2.672685310834803,2.6371456985078465,2.601508290105587,2.565896334592873],"g_norm_hpt":[1.0000000105259632,0.9999999991307009,0.9999999305115521,0.9999996143474776,0.9999988564254868,0.9999974586400894,0.999995218992199,0.9999919315872886,0.9999873866325915,0.9999813704331323,0.9999736653863538,0.9999640499750755,0.9999522987584678,0.9999381823606354,0.9999214674562762,0.9999019167527153,0.9998792889674232],"g_norm_lpt":[1.0000000000000007,1,1,1,1,0.9999999999999994,0.9999999999999822,0.9999999999997771,0.9999999999983296,0.9999999999910351,0.9999999999620285,0.9999999998654975,0.9999999995863743,0.9999999988663542,0.9999999971782454,0.9999999935286468,0.9999999861719987],"g_norm_ft":[1.0000073180069209,1.0000017749010366,1.0000000872413497,0.9999999533098215,0.9999982722183555,0.999991063338914,0.9999734141875427,0.9999394791278264,0.9998825256276584,0.9997950704829114,0.9996690430094323,0.9994960186964736,0.9992675582938796,0.9989753837393085,0.9986117599931169,0.9981695916603507,0.9976426920605328],"rpm_hpt":[6018.750463127786,5985.160014901221,5952.714586451524,5919.99722895847,5887.008075097253,5853.756062520829,5820.243437883911,5786.4773170134795,5752.456383056521,5718.186981450942,5683.669367442985,5648.901948099278,5613.891677722203,5578.63653846672,5543.141511503233,5507.405389787083,5471.4340560060455],"rpm_lpt":[6009.0181458096695,5987.229397137564,5964.4928893168,5941.094374871576,5917.118735248875,5892.679146975599,5867.9037029989195,5842.942194413271,5817.954932110031,5793.11669095009,5768.6013952751155,5744.5789151162435,5721.21569160809,5698.654442281353,5677.022597078468,5656.419107442378,5636.919722588161],"rpm_ft":[3017.58763772517,3003.784264554495,2989.05268611273,2973.356865836106,2956.6562335445205,2938.923260369314,2920.1359165344234,2900.286194555662,2879.3759616028724,2857.4245683895174,2834.455661411981,2810.528042904757,2785.6928448065887,2760.0130749873374,2733.5561446583943,2706.4126191924925,2678.656440386277]}