{"t":[1450,1440,1430,1420,1410,1400,1390,1380,1370,1360,1350,1340,1330,1320,1310,1300,1290],"power":[15.94498006187259,15.667120729591812,15.354728263937687,15.013780520620104,14.647079177832634,14.257216592535087,13.847085517661963,13.420072191115201,12.979637688884258,12.52982913383756,12.074271993213234,11.61631864112199,11.159466847132824,10.706410873627918,10.259558747211887,9.820774785032459,9.39154791874499],"mass_rate":[45.491371081518885,45.03510459163184,44.526676079743666,43.97675328457805,43.39034005945926,42.77169000670971,42.12516544201173,41.455534655867204,40.767492030181934,40.065932928832794,39.35551594070023,38.64033721693862,37.92430820808015,37.2105170119782,36.50164757302524,35.799680481477225,35.10619911326445],"eta":null,"pi_lpc":[4.030627544276361,4.020360630918915,4.005512090730011,3.9868959085107236,3.9648195448902817,3.9395308431531766,3.9112891260626035,3.880391296934631,3.8471517208672905,3.81191045714763,3.7750061578507244,3.7367539124030174,3.697459416649371,3.6573790796594516,3.616742218149755,3.575730931302661,3.534494484273665],"pi_hpc":[2.491796806796453,2.4640378609402234,2.4362286061286733,2.408398477444051,2.3805838815234144,2.3528221253243093,2.325154153904854,2.2976264893410914,2.270277876038004,2.2431502108134698,2.216280039351473,2.18969393718015,2.1634208672563124,2.137477679512724,2.111879861590546,2.08663440013353,2.061747071583468],"pi_ft":[3.1289958250611427,3.096975658389511,3.0613652095659836,3.022922166852542,2.9820244530516313,2.939008637489385,2.894224722229037,2.8480532494642663,2.800868686778284,2.7530539916715253,2.7049666884537484,2.656916063737389,2.609187334857405,2.5619983770256,2.515529993925901,2.4699074111620525,2.425221464144063],"g_norm_hpt":[1.00000003804062,1.0000000000096914,0.9999999743867305,0.9999997708258835,0.9999991950492122,0.9999980488462936,0.9999961300733337,0.9999932326515844,0.99998914656481,0.9999836578554192,0.9999765486185933,0.9999675969932486,0.9999565771479892,0.9999432592594134,0.9999274094795021,0.9999087898882053,0.9998871584273928],"g_norm_lpt":[1.0000000000000002,1,1,1,0.9999999999999966,0.9999999999998538,0.9999999999977418,0.9999999999804929,0.9999999998850586,0.9999999994851031,0.9999999981257637,0.9999999942046589,0.9999999843002486,0.9999999618640547,0.9999999154661279,0.9999998265943504,0.9999996671190119],"g_norm_ft":[1.0000070055715171,1.000000896104641,0.9999999992290175,0.9999981324661013,0.999985401375373,0.9999485476222818,0.999871431817732,0.9997358804685909,0.9995227086523875,0.9992130035487192,0.9987892195949933,0.9982359247409035,0.9975407130506461,0.9966939934450331,0.9956893141265715,0.9945226984242447,0.9931925417996212],"rpm_hpt":[5998.634266820992,5966.396229789621,5933.885526606864,5901.103610314432,5868.051694434653,5834.721526887032,5801.1024596138,5767.1886797301995,5732.9610511517085,5698.410100560954,5663.526052481854,5628.292622247385,5592.710963256513,5556.7735653483105,5520.483478140707,5483.838633126333,5446.843918514283],"rpm_lpt":[6013.926273013044,5985.290112221375,5953.441830831098,5919.553167405841,5884.096258872008,5847.4888384913165,5810.144299784234,5772.481493115345,5734.888702864217,5697.731518578562,5661.322948192403,5625.906008715615,5591.674624396518,5558.746108606938,5527.189232184273,5497.017192848277,5468.207404651724],"rpm_ft":[3006.626446356776,2988.847599692952,2968.6387839305153,2946.2935064223216,2921.9024563496077,2895.5411609263992,2867.3046179671815,2837.324353738586,2805.743863737241,2772.7593626697367,2738.551487574624,2703.2968337060606,2667.201922745061,2630.430136643038,2593.1401365240995,2555.4627454518627,2517.511431899406]}