{"t":[1450,1440,1430,1420,1410,1400,1390,1380,1370,1360,1350,1340,1330,1320,1310,1300,1290],"power":[15.80173131806752,15.539122574375506,15.259211910623371,14.961544374501157,14.64611726670389,14.313597986750562,13.965036492409526,13.601756226934423,13.22573999548711,12.839121718152624,12.444273198429883,12.043667581152167,11.639619591758313,11.234454948476195,10.830144746961462,10.428538038973945,10.031912554046674],"mass_rate":[44.20137264685461,43.767536385180684,43.309220055538155,42.825963697563765,42.317957805844316,41.78632055844501,41.232613039445695,40.658654404414584,40.06710768254772,39.46070485853729,38.84240832763616,38.215240560569114,37.58190230808002,36.94518281549581,36.30702060287438,35.669774556261146,35.03612787350612],"eta":[0.31632560356052486,0.31413632001950575,0.3117257717969477,0.30907616528471743,0.3061752781001382,0.3030119282745056,0.2995809970740013,0.29588139942999325,0.29191843358339065,0.28770032340468804,0.2832453469006156,0.27857349567915785,0.27370191596209725,0.26865474325917627,0.26345422634798404,0.2581206606935193,0.25269040453400127],"pi_lpc":[3.444731104882491,3.4444507609591963,3.442420657096743,3.4385489870783577,3.4327628582789105,3.4250271421006993,3.4153439208296525,3.403750811062701,3.3903311608101325,3.375196396836116,3.358481332382287,3.340336079563623,3.3209092653644063,3.3003514303630546,3.2787850229204665,3.2563402890042874,3.2331538576895302],"pi_hpc":[6.541519923393866,6.454311690885423,6.367125965376057,6.279972998788429,6.192913941362785,6.106073834835396,6.0195716188672135,5.9335017584750505,5.848005481555717,5.763192994578349,5.679176437575297,5.596063244075662,5.51392994498899,5.432873842296377,5.352927323772459,5.274181945777958,5.19677669656084],"pi_ft":[3.375579852949422,3.341857944297009,3.3062735828809937,3.268813887560119,3.2295201836382277,3.188511337359604,3.145943896396491,3.1019974118036044,3.056916358532499,3.010949169221657,2.9643572390199044,2.917401055372213,2.870310525925472,2.8233130544952934,2.7765663011982906,2.7302501602517997,2.684558199916576],"g_norm_hpt":[1.0000003229076875,1.0000000506005229,1.0000000001452687,0.9999999812107584,0.9999997994115694,0.9999992563079311,0.9999981494053418,0.9999962721536908,0.9999934139456529,0.9999893601140731,0.9999838919279324,0.9999767865862629,0.9999678172090204,0.999956752823459,0.9999433583439044,0.9999273945425453,0.99990861800881],"g_norm_lpt":[0.9999999999999998,0.9999999999999996,0.9999999999999994,0.9999999999999982,0.9999999999999787,0.9999999999997354,0.9999999999976453,0.9999999999848822,0.9999999999254137,0.9999999997010459,0.9999999989854941,0.9999999969955806,0.9999999920546416,0.9999999809090744,0.9999999577198685,0.9999999127623158,0.9999998309101106],"g_norm_ft":[1.0000021873894125,1.0000000537899272,0.9999997904408454,0.9999957749138555,0.9999805487377308,0.9999447409723706,0.99987716133626,0.9997650276294369,0.9995945316019436,0.9993513471413868,0.9990213344577334,0.9985911967538605,0.9980488098668007,0.9973839569985609,0.9965876635666662,0.9956536498655266,0.9945788758124685],"rpm_hpt":[6012.703587264198,5988.592011138921,5962.559185509844,5936.270696812448,5909.713535628163,5882.895237192542,5855.816251522534,5828.463098484295,5800.84074329698,5772.941770614158,5744.762686403768,5716.303366784697,5687.55664254204,5658.532709775779,5629.218930522794,5599.639246166532,5569.851593945704],"rpm_lpt":[6001.8694663383785,5972.679909352867,5942.6366794123915,5911.895813097928,5880.68073613181,5849.285047198322,5818.028681390117,5787.235004378959,5757.247575920863,5728.3736809193415,5700.882686520249,5674.991939491384,5650.850767207632,5628.558371920354,5608.138540535098,5589.589388481864,5572.877701223794],"rpm_ft":[3003.0889575075457,2986.1815473914844,2967.965725952546,2948.3647545132717,2927.3243821704423,2904.829528968841,2880.886802259955,2855.519074832621,2828.794672203871,2800.7954029084817,2771.624867612529,2741.4016304372285,2710.241606255453,2678.2714733705347,2645.601392835828,2612.3423762582747,2578.653684080529]}