{"pi":[18,18.5,19,19.5,20,20.5,21,21.5,22,22.5,23,23.5,24,24.5,25,25.5,26,26.5,27,27.5,28,28.5,29,29.5,30,30.5,31,31.5,32,32.5],"pi_factor":[0.5,0.5,0.5,0.5,0.5,0.5,0.5,0.5,0.5,0.5,0.5,0.5,0.5,0.5,0.5,0.5,0.5,0.5,0.5,0.5,0.5,0.5,0.5,0.5,0.5,0.5,0.5,0.5,0.5,0.5],"mass_rate":[49.645810460153086,49.65730327324734,49.6760450561954,49.71428628162199,49.76137226604961,49.8110361813101,49.87771997377406,49.94721708253893,50.02575427962102,50.12005302207093,50.21568739176693,50.32621623513353,50.436367921759505,50.55481015481081,50.6875354746512,50.82003699294027,50.95916331239641,51.11198096676506,51.26398234611335,51.42202020171681,51.554289795569645,51.73040375888098,51.90518939328338,52.085385485083634,52.2695376405626,52.46092284020597,52.66523929367956,52.867421433014805,53.07505993116852,53.28796908653293],"specific_power":[322282.98524488753,322208.3952476721,322086.83243402734,321839.076786963,321534.5411789663,321213.9563160394,320784.5107677912,320338.16766126594,319835.2574669307,319233.5010690077,318625.5298104964,317925.7491810033,317231.4077972534,316488.1828455929,315659.4584876116,314836.4492970098,313976.89757806156,313038.15069120104,312109.97015359777,311150.74703863566,310352.4471667724,309295.8654368351,308254.3419458253,307187.8963933583,306105.6347968067,304988.9162021684,303805.7021022628,302643.850717642,301459.8574311537,300255.3911187349],"efficiency":[0.38003792489925825,0.38352964970958764,0.38694853731968465,0.39024021460994157,0.3934527469102391,0.39662047767184855,0.39967545909201646,0.4026874558067031,0.4056270784472296,0.4084626267439302,0.41126566979352897,0.413970123629676,0.41665664592976426,0.41927579942159554,0.4218029463223561,0.42430989682335485,0.42676358072387743,0.42912973806323873,0.43148406200966455,0.4337896960954206,0.4361885784811582,0.43836816832475817,0.44054111201880897,0.44267173623553335,0.4447747607897074,0.4468229408190634,0.4487911953471887,0.4507602779615068,0.45269018856241805,0.4545824194489353],"pi_low":[4.242640687119285,4.301162633521313,4.358898943540674,4.415880433163924,4.47213595499958,4.527692569068709,4.58257569495584,4.636809247747852,4.69041575982343,4.743416490252569,4.795831523312719,4.847679857416329,4.898979485566356,4.949747468305833,5,5.049752469181039,5.0990195135927845,5.1478150704935,5.196152422706632,5.244044240850758,5.291502622129181,5.338539126015656,5.385164807134504,5.431390245600108,5.477225575051661,5.522680508593631,5.5677643628300215,5.612486080160912,5.656854249492381,5.70087712549569],"pi_high":[4.242640687119285,4.301162633521313,4.358898943540674,4.415880433163924,4.47213595499958,4.527692569068709,4.58257569495584,4.636809247747852,4.69041575982343,4.743416490252569,4.795831523312719,4.847679857416329,4.898979485566356,4.949747468305833,5,5.049752469181039,5.0990195135927845,5.1478150704935,5.196152422706632,5.244044240850758,5.291502622129181,5.338539126015656,5.385164807134504,5.431390245600108,5.477225575051661,5.522680508593631,5.5677643628300215,5.612486080160912,5.656854249492381,5.70087712549569],"pi_t_low":[1.7606222053036173,1.7737578251442299,1.7866741061687559,1.7995009952369123,1.8121805989153783,1.8246492026037742,1.8370487540611231,1.849248238012821,1.8613195561998528,1.873341033442896,1.8851708780655578,1.8969611872137033,1.9085513910005556,1.9200516013103472,1.9315238033789743,1.9428227900907589,1.9540268799663736,1.9652137790428819,1.9762346411464904,1.9871675582144313,1.9972355576585943,2.008053830620295,2.018715316943189,2.029299363914834,2.03977891527109,2.050211205774016,2.0606511372747,2.070942524802741,2.081169554900624,2.0913294401166556],"pi_t_high":[2.5124770463957695,2.5579855851873323,2.6036886860704014,2.64992355331227,2.6963202023547534,2.7427923051351404,2.7898013631308,2.8369958802589212,2.8845586596441666,2.9326975763924716,2.9810379298400784,3.029971236457041,3.0791107156853634,3.128651891990609,3.178841818002084,3.2292345978655894,3.2800569157929766,3.331566658374887,3.3832875155559856,3.4354567933139895,3.486975450736358,3.5402861414411495,3.5938252851418926,3.6478234052020655,3.7023107353724343,3.7573122253644073,3.8131093440628447,3.8691207127497407,3.925652683706158,3.98270923832037],"labour_hpc":[309011.5782121862,314272.8386860259,319455.2014131908,324560.85300567397,329570.31218546274,334496.57877892494,339352.82052485243,344142.4793971187,348867.68398197,353529.1195844401,358132.1577286293,362675.1990619352,367163.18740827544,371596.15902479866,375976.1060507665,380305.20864594827,384584.69227536855,388816.00211757026,393000.8009260611,397139.86734116205,401150.4302860021,405199.8029012222,409208.58824469405,413175.15868345014,417102.3065857093,420992.33590459474,424844.04368764616,428658.87812703795,432438.2775042237,436182.8220779706],"labour_lpc":[179855.43091033003,182040.06228318566,184176.72278936402,186267.67421421627,188315.63401717643,190322.03654805894,192288.94839229056,194218.11449563125,196111.1926634308,197969.3776060121,199794.0943226557,201586.94971867625,203349.1457754871,205081.51215436336,206785.20696056457,208461.36832619028,210111.26632076607,211735.52730328753,213334.786476151,214910.13130747565,216351.2505373087,217878.26281374332,219383.54940463084,220867.93173082735,222331.9924634517,223776.0709092754,225200.76513466405,226606.89046555822,227995.42815787165,229366.28566110737],"labour_lpt":[181672.1524346768,183878.85079109663,186037.09372663032,188149.16587294574,190217.81213856206,192244.4813616757,194231.2610023137,196179.91363195077,198092.11380144523,199969.06828890112,201812.216487531,203623.18153401642,205403.17755099706,207153.042580165,208873.9464248127,210567.0387133235,212233.60234420814,213874.27000332074,215489.68330924344,217080.94071462186,218536.6167043522,220079.05334721546,221599.5448531625,223098.92094022964,224577.77016510273,226036.43526189437,227475.5203380445,228895.8489551093,230298.41228067843,231683.11682940138],"labour_hpt":[312132.9072850366,317447.3118040665,322682.02162948565,327839.2454602767,332899.30523784115,337875.3320999242,342780.62679278024,347618.66605769563,352391.5999817879,357100.1207923637,361749.65427134273,366338.5849110456,370871.9064730055,375349.65558060474,379773.8444957237,384146.67539994774,388469.3861367359,392743.43648239423,396970.5059859203,401151.38115268893,405202.45483434555,409292.73020325473,413342.0083279738,417348.64513479813,421315.46119768615,425244.7837420149,429135.39766428905,432988.76578488684,436806.3409133573,440588.7091696673],"labour_ft":[322282.98524488753,322208.3952476721,322086.83243402734,321839.076786963,321534.5411789663,321213.9563160394,320784.5107677912,320338.16766126594,319835.2574669307,319233.5010690077,318625.5298104964,317925.7491810033,317231.4077972534,316488.1828455929,315659.4584876116,314836.4492970098,313976.89757806156,313038.15069120104,312109.97015359777,311150.74703863566,310352.4471667724,309295.8654368351,308254.3419458253,307187.8963933583,306105.6347968067,304988.9162021684,303805.7021022628,302643.850717642,301459.8574311537,300255.3911187349],"heat":[848028.4838159755,840113.3927758947,832376.4050513244,824720.4279257896,817212.5972024794,809877.387576044,802612.4783757054,795500.7364695108,788495.8240245787,781548.8619210656,774743.8048268374,767992.0144802749,761373.6895744345,754844.8617406455,748357.6424484573,741996.4786446635,735716.2414034796,729472.0522143589,723340.6691777343,717284.780711324,711509.7975454634,705561.8719279319,699717.5372196917,693940.6138862051,688226.180490344,682572.1965911117,676942.206647428,671407.543021097,665929.735275426,660508.1460975056]}