{"pi":[14,14.5,15,15.5,16,16.5,17,17.5,18,18.5,19,19.5,20,20.5,21,21.5,22,22.5,23,23.5,24,24.5,25,25.5,26,26.5,27,27.5,28,28.5],"pi_factor":[0.5,0.5,0.5,0.5,0.5,0.5,0.5,0.5,0.5,0.5,0.5,0.5,0.5,0.5,0.5,0.5,0.5,0.5,0.5,0.5,0.5,0.5,0.5,0.5,0.5,0.5,0.5,0.5,0.5,0.5],"mass_rate":[47.72148674121071,47.577079031008104,47.455168440845775,47.36335321703934,47.28635598090095,47.22853257096575,47.18728034434232,47.15668888190239,47.147366779962816,47.15075279544079,47.157588574463674,47.18263043521115,47.21201980459993,47.25835485678579,47.307727502700175,47.37283032088611,47.43884985278351,47.520817228414764,47.579695099005576,47.66954190206393,47.77322281272018,47.87732406048453,47.98806718005998,48.11176852219187,48.235266206469916,48.3647783646034,48.50017568256269,48.64794315124311,48.79313005074409,48.94528840435865],"specific_power":[335278.7411416276,336296.3915790645,337160.324695601,337813.91969189956,338363.98826042825,338778.25816329033,339074.42605808866,339294.39024164435,339361.4764250174,339337.1060142885,339287.9170387471,339107.8422804427,338896.74845982966,338564.4728532604,338211.1304984322,337746.33881112636,337276.3051729254,336694.5463730978,336277.9010396475,335644.08973913913,334915.65060877183,334187.432442691,333416.22074431716,332558.96616271534,331707.5090145119,330819.2560995974,329895.71222836815,328893.658468912,327915.01556387654,326895.61184759875],"efficiency":[0.31849793763581163,0.32030863531809306,0.3219491709711443,0.3233891247851748,0.3247050641605987,0.3258784253059432,0.32692298072480475,0.32787352964078,0.32867440286956695,0.32937477744294774,0.33002589479911937,0.330549422280454,0.3310188871770611,0.33137107470687116,0.33167916363845484,0.33187795245485235,0.33204503750698244,0.3321066031352969,0.3322720973259409,0.3322483101913381,0.33213017769760284,0.33199191394926547,0.3318003364819413,0.33152402561452216,0.33123353991802407,0.33089660437653984,0.3305140855793385,0.3300535116977508,0.32959267588096686,0.32908733271160373],"pi_low":[3.7416573867739413,3.8078865529319543,3.872983346207417,3.9370039370059056,4,4.06201920231798,4.123105625617661,4.183300132670378,4.242640687119285,4.301162633521313,4.358898943540674,4.415880433163924,4.47213595499958,4.527692569068709,4.58257569495584,4.636809247747852,4.69041575982343,4.743416490252569,4.795831523312719,4.847679857416329,4.898979485566356,4.949747468305833,5,5.049752469181039,5.0990195135927845,5.1478150704935,5.196152422706632,5.244044240850758,5.291502622129181,5.338539126015656],"pi_high":[3.7416573867739413,3.8078865529319543,3.872983346207417,3.9370039370059056,4,4.06201920231798,4.123105625617661,4.183300132670378,4.242640687119285,4.301162633521313,4.358898943540674,4.415880433163924,4.47213595499958,4.527692569068709,4.58257569495584,4.636809247747852,4.69041575982343,4.743416490252569,4.795831523312719,4.847679857416329,4.898979485566356,4.949747468305833,5,5.049752469181039,5.0990195135927845,5.1478150704935,5.196152422706632,5.244044240850758,5.291502622129181,5.338539126015656],"pi_t_low":[1.6205064866862342,1.6346032266192954,1.6484234771504342,1.6620846126375264,1.6754855337762062,1.6886888702986393,1.7016906608195068,1.714467640544027,1.7271307117977939,1.7396321333920963,1.751913387366136,1.764108579401905,1.7760953588568396,1.7880111199749336,1.7997274643496464,1.8113818692437575,1.822829167397998,1.8342444357371421,1.844846278244876,1.8559437766792655,1.867004350456082,1.877895588072592,1.8886850388435874,1.8994479130785518,1.9100497895148227,1.920561279184332,1.930984886714928,1.9413963400926753,1.9516247213546773,1.9618009211852339],"pi_t_high":[2.152564670379247,2.1953490210619155,2.2384524235820766,2.2819868699807726,2.325699908262211,2.3697259222883904,2.414075791938756,2.4586081145195515,2.503631148925556,2.548926779864484,2.5941985977808493,2.6399707183015715,2.685910910339659,2.732384423129511,2.7790320607851067,2.8262377776425174,2.8736286225598935,2.9215948966362433,2.9689765530625816,3.017482248807782,3.0666109676716227,3.115935368582113,3.165681883603071,3.216077412072123,3.2666838262487747,3.317728367935735,3.3692224489494893,3.4214149930561653,3.4738355285968043,3.5267103596225438],"labour_hpc":[262410.0956766927,268430.1647145404,274357.0454871987,280175.36296817975,285890.6482571978,291507.46122596535,297030.4716562346,302463.8681556059,307811.1882816496,313067.1357888282,318219.91124036704,323294.4051532864,328294.1382989759,333221.9423272306,338080.4437404316,342872.0944420471,347599.55411404476,352264.3182247022,356796.3477090444,361340.28550682677,365828.43543252145,370261.87328658724,374643.4166699332,378973.31638292246,383253.9715256638,387486.6409423938,391673.1528407376,395813.608123901,399911.0538893554,403964.68074968207],"labour_lpc":[165119.50012465724,167889.51170225785,170583.10991555685,173204.2690367328,175757.74265498618,178246.9054816213,180675.29449166145,183046.59825505904,185362.8730141651,187627.834182063,189843.4119348759,192012.26856349324,194136.46782099982,196218.26426329548,198259.11685412732,200260.80247642705,202225.50891075682,204154.29913824066,205942.347212289,207799.9238871874,209625.8719016698,211421.3148278443,213187.00024739886,214924.26369151066,216634.10757310005,218317.5164902193,219975.3407824408,221608.57344328013,223217.81441674262,224803.56974886073],"labour_lpt":[166787.37386329015,169585.365355816,172306.17163187562,174953.8071078109,177533.07338887494,180047.37927436497,182500.2974663247,184895.55379298894,187235.2252668334,189523.06483036667,191761.0221564403,193951.78642777095,196097.44224343417,198200.2669326217,200261.73419608822,202283.63886507784,204268.19081894628,206216.46377600066,208022.57294170605,209898.91301736102,211743.3049511816,213556.8836644892,215340.40429030187,217095.21585001078,218822.33088191925,220522.74392951446,222197.31392165736,223847.04388210113,225472.53981489153,227074.3128776371],"labour_hpt":[265060.70270373,271141.5805197378,277128.3287749482,283005.4171395755,288778.4325830281,294451.98103632865,300030.779450742,305519.0587430363,310920.39220368647,316229.4300897255,321434.25377814856,326560.0052053398,331610.2407060363,336587.82053255616,341495.39771760773,346335.44893136073,351110.6607212573,355822.54366131534,360400.351221257,364990.1873806331,369523.6721540621,374001.892208674,378427.6936059931,382801.32967971964,387125.2237632968,391400.6474165594,395629.44731387636,399811.72537767777,403950.55948419735,408045.1320703859],"labour_ft":[335278.7411416276,336296.3915790645,337160.324695601,337813.91969189956,338363.98826042825,338778.25816329033,339074.42605808866,339294.39024164435,339361.4764250174,339337.1060142885,339287.9170387471,339107.8422804427,338896.74845982966,338564.4728532604,338211.1304984322,337746.33881112636,337276.3051729254,336694.5463730978,336277.9010396475,335644.08973913913,334915.65060877183,334187.432442691,333416.22074431716,332558.96616271534,331707.5090145119,330819.2560995974,329895.71222836815,328893.658468912,327915.01556387654,326895.61184759875],"heat":[903543.8148715592,894305.1035714743,885277.0325561049,876380.3803354853,867702.1367993759,859188.4506789871,850833.0563871443,842670.0547396581,834608.9444204357,826694.2898196444,818983.0735128379,811356.4245530461,803897.972471625,796512.7008635578,789285.7769097661,782125.3726225992,775114.3677053564,768162.6562008365,761541.0458892576,754831.1233930102,748174.1857074117,741643.2645917765,735199.7046128999,728800.5432890032,722519.0439965095,716313.1674607137,710184.6387456306,704093.8661939729,698109.9614757379,692193.3632497193]}