{"t":[1450,1440,1430,1420,1410,1400,1390,1380,1370,1360,1350,1340,1330,1320,1310,1300,1290],"power":[16.007271631493918,15.51451992568043,15.010587978170228,14.4955954084492,13.970002314259453,13.434340324903163,12.889440499261264,12.336529396981176,11.777028132690386,11.21237226559378,10.644307084867691,10.07493790751989,9.50628271606777,8.940400550817921,8.379366569287257,7.825106553029354,7.279485232329165],"mass_rate":[43.637104964069884,43.010034789641146,42.36814320638161,41.7098620149314,41.03405638164483,40.3394659711065,39.62516120145039,38.89070588209366,38.135818694291565,37.3601171814978,36.563654920616216,35.74706995041425,34.91082231134037,34.055511881491135,33.18184831293954,32.29037285594481,31.38169114892854],"eta":[0.38382151522461533,0.3814866953305774,0.3787510302107796,0.3755923600415155,0.37199939689667205,0.3679530269302832,0.3634385404240453,0.35844610925022,0.35296817965863186,0.3469961530579536,0.3405313549065118,0.33357910310789984,0.32614186566299674,0.3182289201366525,0.30984742201704124,0.30100487982308377,0.2917158370369969],"pi_lpc":[3.150514100154475,3.127043769070515,3.1022381955250964,3.0759558740862745,3.048062570452273,3.018429975484202,2.9869462314749438,2.9535213207246835,2.9180747732687924,2.8805417962730107,2.8408707665710624,2.7990441258428866,2.755039756504375,2.7088490997180017,2.660469250174618,2.609889719983932,2.5571036069101627],"pi_hpc":[7.142890780642266,7.067061706068922,6.991342808070929,6.915727150399614,6.840250589816046,6.7649091159094255,6.689707789858654,6.614678527607011,6.539852873788363,6.465205189987991,6.3907486198555645,6.316519948890519,6.242535527626763,6.168803326191396,6.095339493092237,6.0221462877594,5.949226592884258],"pi_ft":[4.775490774913838,4.6888090843754995,4.600977439650802,4.512001934939603,4.421935018798186,4.330817320185335,4.238721071397214,4.145764526717619,4.052071578592816,3.9577419673607213,3.8629046942609433,3.767729135460542,3.6723473172814156,3.5768820728362813,3.4814465136554302,3.386117826123821,3.2909582773085093],"g_norm_hpt":[1,1.0000000000009952,1.0000000000082498,1.0000000000283362,1.0000000000681115,1.000000000134697,1.000000000235583,1.0000000003785365,1.0000000005716494,1.0000000008240577,1.0000000011455246,1.0000000015457984,1.0000000020350506,1.0000000026235087,1.0000000033220986,1.0000000041467823,1.000000005108678],"g_norm_lpt":[1,1.0000000000001446,1.000000000001256,1.0000000000025715,1.0000000000012061,0.9999999999999928,0.9999999999785214,0.9999999996440044,0.9999999975287979,0.999999988623944,0.9999999592423029,0.9999998772849759,0.9999996753733448,0.9999992238906718,0.9999982902429012,0.9999964792561137,0.9999931517796277],"g_norm_ft":[1.000006536948708,1.0000000065061818,0.9999964968878138,0.9999657863357524,0.9998753585169761,0.9996904738066033,0.9993743846769406,0.9988888302065657,0.9981944639257445,0.9972510210987603,0.9960181837236619,0.994456697315114,0.9925279675902472,0.990194671026007,0.9874210498122585,0.9841721883483886,0.980414342718185],"rpm_hpt":[6000.010757446158,5982.6605589376495,5965.173487411256,5947.5447016929575,5929.784926151188,5911.889349931055,5893.856526323671,5875.694851054395,5857.4126373802055,5838.996722829883,5820.44881293668,5801.779242162231,5782.990311485661,5764.081715738565,5745.055700774563,5725.909221755254,5706.640234832476],"rpm_lpt":[6000.586819971154,5954.453653651467,5908.055687177429,5861.339319969603,5814.292539150169,5766.890892666863,5719.121679314547,5670.984811821886,5622.461622064979,5573.500894199753,5524.036720369683,5473.99512285166,5423.242544406181,5371.605631681308,5318.863122845508,5264.728161340548,5208.858003058606],"rpm_ft":[3020.5130562467807,2988.9810309003396,2956.0499931195495,2921.640697710553,2885.687052448211,2848.1194229140146,2808.8798941356863,2767.931072788506,2725.2437998503387,2680.7843747046954,2634.538106933228,2586.5179263899404,2536.7306178623903,2485.1878560064724,2431.9061714565273,2376.891942175598,2320.1490193618934]}