{"t":[1450,1440,1430,1420,1410,1400,1390,1380,1370,1360,1350,1340,1330,1320,1310,1300,1290],"power":[19.93122507734076,19.583900911990096,19.193410329921957,18.767225650775195,18.308848972290793,17.82152074066898,17.30885689707766,16.775090238894002,16.22454711110539,15.662286417297151,15.092839991516602,14.520398301402551,13.949333558916047,13.383013592034834,12.824448434014853,12.275968481291274,11.739434898481054],"mass_rate":[56.86421385189864,56.2938807395403,55.65834509967937,54.970941605722615,54.23792507432407,53.46461250838733,52.656456802514974,51.819418319833986,50.95936503772751,50.08241616104131,49.19439492587534,48.30042152117335,47.40538526010021,46.51314626497266,45.62705946628153,44.749600601847824,43.88274889166598],"eta":null,"pi_lpc":[4.0306275442763635,4.020360630918947,4.005512090729996,3.986895908510721,3.9648195448902728,3.9395308431531846,3.911289126062622,3.8803912969346297,3.84715172086729,3.811910457147646,3.775006157850729,3.7367539124030236,3.6974594166493695,3.657379079659447,3.6167422181497515,3.575730931302726,3.5344944842802626],"pi_hpc":[2.491796806796453,2.4640378609402256,2.4362286061286715,2.4083984774440554,2.3805838815234193,2.352822125324313,2.325154153904857,2.297626489341092,2.270277876038009,2.243150210813474,2.2162800393514726,2.1896939371801505,2.1634208672563147,2.1374776795127226,2.1118798615905474,2.0866344001335504,2.0617470715833837],"pi_ft":[3.128995825061144,3.0969756583895394,3.061365209565971,3.0229221668525468,2.9820244530516313,2.9390086374893967,2.8942247222290525,2.8480532494642663,2.8008686867782897,2.753053991671542,2.704966688453751,2.6569160637373948,2.609187334857406,2.5619983770255956,2.5155299939259006,2.4699074111621004,2.425221464147778],"g_norm_hpt":[1.00000003804062,1.0000000000096914,0.9999999743867305,0.9999997708258835,0.9999991950492122,0.9999980488462936,0.9999961300733337,0.9999932326515844,0.99998914656481,0.9999836578554192,0.9999765486185933,0.9999675969932486,0.9999565771479892,0.9999432592594134,0.9999274094795021,0.9999087898882053,0.9998871584273921],"g_norm_lpt":[1.0000000000000002,1,1,1,0.9999999999999966,0.9999999999998538,0.9999999999977418,0.9999999999804929,0.9999999998850586,0.9999999994851031,0.9999999981257637,0.9999999942046589,0.9999999843002486,0.9999999618640547,0.9999999154661279,0.9999998265943504,0.9999996671190119],"g_norm_ft":[1.0000070055715171,1.000000896104641,0.9999999992290175,0.9999981324661013,0.999985401375373,0.9999485476222818,0.9998714318177321,0.9997358804685909,0.9995227086523875,0.9992130035487193,0.9987892195949933,0.9982359247409036,0.9975407130506462,0.996693993445033,0.9956893141265715,0.994522698424246,0.9931925417997399],"rpm_hpt":[5998.634266820996,5966.39622978963,5933.88552660686,5901.103610314437,5868.051694434659,5834.721526887037,5801.102459613785,5767.188679730253,5732.961051151661,5698.41010056097,5663.52605248186,5628.292622247387,5592.710963256517,5556.7735653483105,5520.483478140704,5483.838633126369,5446.843918516172],"rpm_lpt":[6013.926273013043,5985.290112221444,5953.441830831095,5919.553167405821,5884.096258871981,5847.488838491327,5810.144299784274,5772.481493115276,5734.888702864317,5697.7315185785765,5661.322948192405,5625.906008715622,5591.674624396518,5558.7461086069325,5527.189232184281,5497.017192848334,5468.207404655876],"rpm_ft":[3006.6264463567773,2988.847599692968,2968.638783930508,2946.2935064223248,2921.902456349607,2895.541160926407,2867.304617967193,2837.324353738588,2805.7438637372443,2772.759362669748,2738.5514875746253,2703.2968337060647,2667.2019227450637,2630.4301366430327,2593.1401365241,2555.4627454519223,2517.5114319032914]}