{"t":[1450,1430,1410,1390,1370,1350,1330,1310,1290,1270,1250,1230,1210,1190,1170],"power":[15.817242497229444,14.807086539576606,13.738082872830361,12.61069656293475,11.430893750940097,10.211822454283277,8.974985264838885,7.748332172137475,6.562705264745605,5.445248422973112,4.416959096258018,3.4911637683234713,2.675932425881849,1.9765592439733521,1.3970283438348767],"mass_rate":[40.17454916392679,38.91727040724729,37.57789127784577,36.139996322364816,34.59122881075121,32.9260718414759,31.149167352598194,29.27538100001148,27.32829311173964,25.332272615878356,23.309542740034953,21.276487476839392,19.247272268026723,17.239761216583048,15.28334643571162],"eta":[0.37610874652781834,0.3711819753330559,0.3643678636447699,0.3554330272540455,0.3441600735530573,0.33039441163187966,0.3141086172297709,0.2954097882517836,0.27455092529927694,0.25185499403324646,0.22765694504578643,0.2022384499560447,0.1758826541393315,0.14894158485520992,0.12198979058957583],"pi_lpc":[5.151106976445404,5.046988466458763,4.9302046429929645,4.798071000496002,4.648248750967003,4.4792497851666715,4.2908882683377145,4.0844651995765275,3.862525603585679,3.6279931524672757,3.383688361161277,3.1318489872989934,2.874564977833947,2.6146802088230263,2.356883138967614],"pi_hpc":[5.147774199005621,5.052032695036,4.956429602260882,4.860996377510775,4.765830949804596,4.6709936549722855,4.576563024078253,4.482545830113592,4.389003039831343,4.295842172184722,4.202877976346528,4.1097063761016495,4.015696038019249,3.9198638416793004,3.820974101318315],"pi_ft":[5.408244994020657,5.198605452360145,4.981262927226908,4.7560574821259785,4.523416332470609,4.284513818347635,4.041417720965327,3.796807477049001,3.5535965335934767,3.3140251185227383,3.0795129575649254,2.8504727900752735,2.6268444278504917,2.4087764357773813,2.1974616306558263],"g_norm_hpt":[0.9999999999999999,1.0000000000034195,1.000000000028602,1.0000000000979605,1.0000000002336573,1.0000000004604097,1.0000000008092886,1.0000000013066348,1.000000001951724,1.0000000026559819,1.0000000031218603,1.0000000028269749,1.000000001446427,1.0000000000851768,0.9999999992986577],"g_norm_lpt":[1,1.000000000003764,1.0000000000052398,0.9999999999745257,0.9999999953577339,0.999999913251623,0.9999992537114295,0.9999958565367051,0.9999828990411467,0.9999432594294834,0.9998408579574788,0.9996088280199411,0.9991353591021551,0.9982512473243336,0.9967317441236947],"g_norm_ft":[1.0000070016843048,0.9999952335996335,0.9998415668166174,0.9992023530336326,0.9976660856396148,0.9947658859060446,0.9900165157766704,0.9829691773808767,0.9732685359596435,0.9606625414220417,0.9449879718417904,0.9261177438194045,0.9039466855095467,0.8784358445007734,0.8497505478872873],"rpm_hpt":[5999.976707242825,5967.282017136575,5934.117938919993,5900.480630963468,5866.401681867759,5831.891189749223,5796.971030443756,5761.619009007451,5725.844153891074,5689.562026074129,5652.62310393389,5614.7246611526825,5575.394039098101,5533.882707191857,5489.204801803976],"rpm_lpt":[6001.679913042237,5915.198998612548,5824.603690150126,5729.370398096503,5629.213828388144,5524.205144813846,5414.707763839398,5301.078786734023,5183.303335385198,5060.418221998036,4930.281694474966,4789.22713020439,4631.954400516928,4451.489595299845,4239.315431763081],"rpm_ft":[3010.110456085329,2944.1711713506,2871.110092481854,2789.9023719953298,2699.6313490005077,2599.645697741126,2489.7736792281885,2370.3936865252117,2242.4086338315524,2106.829124877582,1964.5710739682577,1816.1579121622651,1661.8528631629774,1502.0188507186845,1337.7629087074313]}