{"t":[1223,1213,1203,1193,1183,1173,1163,1153,1143,1133,1123,1113,1103,1093,1083,1073,1063],"power":[7.758578192373822,7.325726582379437,6.8962996245151205,6.472064078305082,6.054300455144426,5.644341626030277,5.2435084275849055,4.852813861610927,4.473176868351317,4.105503562977467,3.7485026873031733,3.4069093778761648,3.079144391292696,2.765729037038396,2.4671133058988945,2.183672941837179,1.9158179846736336],"mass_rate":[51.516057987012005,50.70420474925719,49.86407080780919,48.9979461310917,48.10703300198282,47.19286926661397,46.257194975062106,45.301044337679386,44.32544106955093,43.33160343839736,42.31413833448837,41.286145583024584,40.24199573015282,39.1824164473969,38.108087804158956,37.019595581475585,35.917900064955],"eta":null,"pi_lpc":[3.1962603365249533,3.145813458299322,3.0941529940622927,3.041357674771591,2.9874555817570076,2.932495815273272,2.87653242500238,2.8195949108562606,2.761715183655625,2.702940914256391,2.6429288638099058,2.5824519989036117,2.5211643281014946,2.4591032879880985,2.396309833860601,2.33282286517618,2.268704412645465],"pi_hpc":[2.0486110279442293,2.0397803616552292,2.0305662075001054,2.020996682563496,2.011088604899509,2.0008595044726487,1.9903321397042764,1.979516474975797,1.9684199351641727,1.9570475296495422,1.945324182716069,1.9333938820935683,1.921169067553471,1.9086358608969678,1.895772812564984,1.8825530593285003,1.868947391787338],"pi_ft":[2.0373169285548562,2.0024405625012105,1.967055063520251,1.9312505602589687,1.8950768709978423,1.858591705240132,1.8218560193593183,1.78490562368887,1.7477714532076736,1.7104879291057835,1.6728432845206658,1.635315114729325,1.5976758721322901,1.5599352833427602,1.5220990729557107,1.4841681174795107,1.4461536709943523],"g_norm_hpt":[0.9999999999999986,1.0000000000000535,1.0000000000006335,1.0000000000023481,1.0000000000056541,1.0000000000107576,1.0000000000175462,1.0000000000255334,1.000000000033691,1.0000000000405138,1.0000000000439366,1.0000000000427627,1.0000000000359224,1.000000000024303,1.0000000000112526,1.0000000000020839,0.9999999999999997],"g_norm_lpt":[0.9999866190315452,0.9999815895807767,0.9999747949905203,0.9999656924545388,0.9999535896933737,0.9999376259064932,0.9999167391783337,0.9998896107800552,0.9998546367865205,0.9998098850394085,0.9997526157357334,0.9996807500404634,0.9995906246134636,0.9994783081056251,0.9993391777169621,0.9991678177592254,0.9989579990346027],"g_norm_ft":[0.9768002206884401,0.9740975196232029,0.9711487276503228,0.9679454297405728,0.9644767855801375,0.9607335057017601,0.9567077391905394,0.9523899252629291,0.9477705910416939,0.9428413910542366,0.937559268396354,0.9319791732281644,0.9260581969874956,0.9197859195177731,0.9131513902690693,0.9061428018189671,0.898750302180218],"rpm_hpt":[10548.397626881506,10479.193408405039,10406.961295217909,10331.714429732521,10253.69895149909,10173.168995048778,10090.394635838584,10005.57851947315,9918.892648991769,9830.479136522072,9739.834824661873,9648.21212001398,9554.99921971824,9460.164906153426,9363.619544871099,9265.228069956473,9164.824544392914],"rpm_lpt":[5370.124404538869,5335.801669818994,5300.073243443981,5262.899680443009,5224.200233817665,5183.897893342316,5141.905310445983,5098.107130010256,5052.373917757248,5004.571540860675,4954.2120492274935,4901.731511708428,4846.599467383515,4788.57165095054,4727.370499165817,4662.671614376904,4594.120452176466],"rpm_ft":[2194.2495879544363,2152.489024362778,2109.412671285665,2065.075724264669,2019.4910866047135,1972.683193574198,1924.6832263117342,1875.4935714300568,1825.1093457298273,1773.5288588937894,1720.4022975773457,1666.3406833047763,1610.9666660168261,1554.220999075395,1496.0256346961862,1436.2776262861244,1374.8667250856147]}