{"t":[1223,1213,1203,1193,1183,1173,1163,1153,1143,1133,1123,1113,1103,1093,1083,1073,1063],"power":[16.175570915415705,15.597568435939918,15.007272493317794,14.407197177089824,13.798701692555872,13.183358572301524,12.562741511090225,11.938608725715845,11.312996944895035,10.688057321823521,10.065960713277237,9.449235604918133,8.840288040143545,8.241517472417422,7.655400517089427,7.084173845794287,6.530005107154883],"mass_rate":[63.42728508621005,62.556492158562804,61.65908566268587,60.73756949869414,59.79147018922309,58.820400677261674,57.82371895996449,56.800965410103224,55.75224873112855,54.677873716238764,53.57822320186198,52.45463527747221,51.3083959508387,50.14108036890223,48.954880543668786,47.75190232345973,46.534592490360595],"eta":null,"pi_lpc":[4.040967955234545,3.995323528208127,3.947916951955303,3.898840197642892,3.8480424799950907,3.795479427334876,3.7410933304368217,3.6848290255710205,3.6266711062644115,3.5666196838067448,3.504680252363989,3.440915419044954,3.3753892235603544,3.3081886544767856,3.239434704370758,3.1692491713485325,3.097786146079244],"pi_hpc":[2.480288844064283,2.463471048003076,2.4465666038545595,2.42960724900312,2.4125953135696645,2.3955328171895856,2.3784189621813088,2.3612583567270953,2.34405316387661,2.3268038784129215,2.309510082510799,2.2921753247740124,2.2747998276966355,2.2573817600934034,2.239924567689287,2.222427704076284,2.2048847929393482],"pi_ft":[3.0810726449858383,3.025114730857278,2.968185523845155,2.9105253270523503,2.8522292960295914,2.7933949367727773,2.734104727216555,2.6744435157909705,2.614511460718816,2.554407359300641,2.4942209703890397,2.434071364035836,2.374059836430151,2.3142856436968837,2.2548590765065026,2.1958713191106582,2.137416086711466],"g_norm_hpt":[1,1.0000000000001221,1.0000000000011111,1.000000000004,1.0000000000099651,1.0000000000203402,1.0000000000365605,1.0000000000605325,1.000000000094405,1.0000000001406288,1.0000000002020315,1.0000000002818172,1.0000000003835974,1.000000000511294,1.0000000006689795,1.0000000008607837,1.0000000010868089],"g_norm_lpt":[1,1.0000000000009728,1.0000000000086222,1.0000000000239488,1.0000000000312625,1.0000000000156184,1.0000000000001732,0.9999999999710967,0.9999999993273928,0.9999999951732528,0.9999999783860276,0.9999999260240229,0.9999997882906753,0.9999994681305726,0.999998791819039,0.9999974686920863,0.9999950399099697],"g_norm_ft":[1.0000088113704946,1.0000000539351985,0.9999975987840621,0.9999708372124174,0.9998868873876582,0.9997111207945202,0.9994075732999653,0.9989394158595698,0.9982696314826065,0.9973615459073375,0.9961792218750497,0.9946888623695265,0.9928586485163262,0.9906594821537256,0.9880661055757212,0.9850564076199441,0.9816125726850868],"rpm_hpt":[5968.8682241618335,5956.478197333346,5944.018367323698,5931.532644493263,5919.019015205995,5906.474177452558,5893.890813435596,5881.2704041054085,5868.610928377825,5855.907186527498,5843.153251063957,5830.349268137434,5817.490613557504,5804.568702982037,5791.583771200518,5778.5298735223705,5765.390360619972],"rpm_lpt":[6008.7439672069295,5967.423845255968,5924.849657693347,5881.329725878668,5836.833650399769,5791.332871284209,5744.783564487711,5697.144556714885,5648.3955855801105,5598.517712226064,5547.485220774691,5495.304493386428,5441.965356537131,5387.455823427973,5331.773323573296,5274.892582197015,5216.788067865321],"rpm_ft":[3019.2160345729158,2982.5842521991804,2944.2443710658476,2904.241126490055,2862.541980219151,2819.123879604348,2773.9589341828296,2727.0280852290334,2678.330353834556,2627.873603137952,2575.668587784034,2521.7608396143783,2466.194363933703,2409.023906573324,2350.327149795784,2290.1773302040046,2228.6625463097075]}