{"t":[1450,1440,1430,1420,1410,1400,1390,1380,1370,1360,1350,1340,1330,1320,1310,1300,1290],"power":[15.987903696509248,15.563372233806447,15.135173759663545,14.703181681314161,14.267335960333332,13.827633489048317,13.384047694451196,12.936599857754953,12.485422942412363,12.030632349687533,11.572420763498945,11.11099563360439,10.64676391208359,10.180102677327241,9.711521528635144,9.241689363732421,8.771193060312138],"mass_rate":[44.2320668428208,43.76798594654565,43.29884959286619,42.823396155793496,42.3404520602945,41.84887971902767,41.347475454152736,40.83503980700818,40.310488888404386,39.772644499735776,39.22037556327885,38.6524812161308,38.06799640548691,37.46583839627007,36.845007148231815,36.20474152673842,35.54402501126385],"eta":[0.3135562767166212,0.3116021328583028,0.30945235382541986,0.30709871888766294,0.30453813795703594,0.3017621769858333,0.29876295858609536,0.2955320910813449,0.2920610702504389,0.2883400741878261,0.28436219787257344,0.2801176607979083,0.2755964444188391,0.27078979501140155,0.26568717840035655,0.2602796255803489,0.25456114767901],"pi_lpc":[4.001295705941562,3.9676861384288302,3.933568097345115,3.898821135110562,3.863334850254633,3.8269939434895845,3.789679601375204,3.7512724429778834,3.711662940510536,3.670728936121728,3.6283492712636627,3.5843989015440663,3.5387748924117877,3.4913601832424166,3.442042269906749,3.39073190914638,3.3373179333785825],"pi_hpc":[2.5002902300578462,2.4857814522465294,2.4712288345060025,2.456633140861056,2.4419921132902624,2.4273089630980276,2.412584272101717,2.397818505953337,2.3830119187393057,2.3681665573439896,2.3532852787504983,2.3383688481077756,2.3234173213192797,2.3084314974755094,2.2934139053703015,2.278365525491676,2.2632842579800165],"pi_ft":[3.7176339269864127,3.664666705318444,3.6115166202334983,3.5581419638768526,3.504506515833124,3.4505781861364224,3.396317270926474,3.341686322304167,3.286658188673567,3.2311976750039917,3.1752737698922853,3.118851107276135,3.06191331178415,3.0044336262598565,2.946391746480056,2.8877837476483017,2.828583770456714],"g_norm_hpt":[1,1.000000000000049,1.000000000000427,1.0000000000014757,1.0000000000035285,1.0000000000069098,1.0000000000119276,1.000000000018835,1.0000000000278706,1.0000000000393465,1.0000000000536458,1.0000000000710931,1.0000000000920506,1.0000000001168992,1.000000000146007,1.0000000001797356,1.0000000002185647],"g_norm_lpt":[1,1.0000000000001315,1.0000000000011482,1.0000000000034122,1.0000000000052367,1.0000000000040132,1.000000000000757,0.9999999999999039,0.9999999999805048,0.9999999997871619,0.9999999988456201,0.9999999955450661,0.9999999860403119,0.9999999620999458,0.9999999074650154,0.9999997919952323,0.9999995624362025],"g_norm_ft":[1.0000068039196728,1.0000001885521876,0.9999995737033011,0.9999909458020246,0.9999599141412961,0.9998916153327435,0.9997705991002599,0.9995807210846007,0.9993050876989257,0.9989258945147741,0.9984243652598429,0.997780575166094,0.9969736384242661,0.9959813275612123,0.9947801898861584,0.9933458224269658,0.9916519482304544],"rpm_hpt":[6000.490733728528,5989.846114536369,5979.212918855267,5968.554100660287,5957.862852317652,5947.139813965407,5936.38193787638,5925.585972657713,5914.7482366307695,5903.868010008742,5892.946856191351,5881.982397179786,5870.970601867012,5859.909511176898,5848.799383255451,5837.638079476864,5826.419630131761],"rpm_lpt":[6001.300821419634,5969.492327763785,5937.433507128417,5905.064150668008,5872.301571633331,5839.065383249891,5805.2708850161,5770.833233714459,5735.674643340088,5699.708726665655,5662.849403881809,5625.0027498360905,5586.086859021851,5546.005260567434,5504.65896633204,5461.956366808719,5417.776743109151],"rpm_ft":[3023.5165356067073,2996.267688903876,2968.2885572716805,2939.5337353410696,2909.95793435552,2879.5160771601227,2848.156935969588,2815.827668910873,2782.4782570360585,2748.0518644626827,2712.491028076865,2675.7328168062977,2637.7231381092606,2598.398093235542,2557.697051077793,2515.565281063227,2471.9320351260235]}