{"t":[1450,1440,1430,1420,1410,1400,1390,1380,1370,1360,1350,1340,1330,1320,1310,1300,1290],"power":[16.070346421290207,15.643110087954993,15.21217906869597,14.777516080922934,14.339040467773192,13.896756735303986,13.450716310179496,13.000932062407868,12.547504725773736,12.090628796726792,11.630485230590544,11.167349878174216,10.701546845356214,10.233583273043035,9.763989215206841,9.293297621405788,8.822287167121546],"mass_rate":[43.99006229666403,43.524711802512826,43.054582670409275,42.578551760989434,42.09539679778592,41.603982838496215,41.10322773068204,40.59191183258852,40.068888627963524,39.533114111333816,38.983440457943935,38.41878886633317,37.838061823278224,37.24042075075924,36.624926701649706,35.9905982894759,35.33681020212466],"eta":null,"pi_lpc":[4.0464977865016705,4.012091135137982,3.9771894215357757,3.9416852362416153,3.9054537384826458,3.86838392381675,3.8303642184028956,3.791275921665603,3.750998847573322,3.709420934935812,3.6664203584289146,3.62188552550408,3.5756953271368555,3.52775399762574,3.4779561374098225,3.4261947989032953,3.3723880474510977],"pi_hpc":[2.480331490770353,2.465978820160978,2.4515843540130087,2.4371475978760535,2.4226714466870756,2.4081556110466216,2.3936021871411497,2.3790090511127038,2.3643785712655023,2.3497133490170468,2.3350147626184503,2.3202813558491027,2.3055161139994187,2.290720176036321,2.2758945844492278,2.2610377941184825,2.2461523313205105],"pi_ft":[3.723757733986608,3.6703943026293415,3.616857861703557,3.563119367226044,3.509139220055384,3.454886131065249,3.400330710246172,3.3454338760166813,3.2901633046808407,3.2344942394892637,3.178393694938245,3.121835008235623,3.0647904649656152,3.0072509430217402,2.949199042969556,2.890612877602173,2.8314937741620243],"g_norm_hpt":[1,1.000000000000048,1.0000000000004161,1.0000000000014364,1.0000000000034324,1.0000000000067186,1.0000000000115956,1.000000000018311,1.0000000000270939,1.0000000000382425,1.0000000000521283,1.0000000000690674,1.0000000000894054,1.0000000001135187,1.000000000141766,1.0000000001744977,1.0000000002121914],"g_norm_lpt":[1.0000000000000004,1.0000000000001406,1.0000000000012004,1.0000000000037534,1.0000000000062692,1.0000000000056246,1.0000000000017426,0.9999999999999999,0.9999999999902173,0.9999999998543249,0.9999999991129799,0.999999996361178,0.9999999881547827,0.9999999670006504,0.9999999179354598,0.9999998129606078,0.9999996024441816],"g_norm_ft":[1.0000105542267348,1.000000636218201,0.9999998909903479,0.9999939662486417,0.9999681636247801,0.9999073439812268,0.999795840692518,0.9996173327498683,0.9993547655992714,0.9989902991661525,0.9985051303253442,0.9978794784847071,0.9970924455675129,0.996122259214204,0.9949459004218598,0.9935389885836476,0.9918764418106567],"rpm_hpt":[5968.935648898578,5958.379273940999,5947.804839652827,5937.207002352066,5926.587348329076,5915.941015650956,5905.2675119571995,5894.55946776422,5883.816774917914,5873.039776814299,5862.227661672701,5851.3743976450705,5840.480973291505,5829.546142233151,5818.567713075597,5807.539246953968,5796.46285131541],"rpm_lpt":[6012.914365125796,5981.195872195135,5949.005446446608,5916.5509541518495,5883.745317641666,5850.508588910955,5816.764049179294,5782.4257771537195,5747.411060150745,5711.642371487424,5675.03246831721,5637.496236465473,5598.941357289531,5559.287684420501,5518.440564953494,5476.293727913606,5432.751917037],"rpm_ft":[3018.600442885822,2991.362838620546,2963.394342514394,2934.655442759349,2905.0997442083576,2874.682917640071,2843.359522433609,2811.07678421026,2777.782968222019,2743.4278089088184,2707.954046918701,2671.3053943042705,2633.422695367198,2594.2544601244695,2553.744477331765,2511.8289333782955,2468.4574530766945]}