{"t":[1450,1430,1410,1390,1370,1350,1330,1310,1290,1270,1250,1230,1210,1190,1170],"power":[15.824457145703239,14.76421160085055,13.63166617225324,12.42749356335763,11.159210038030144,9.846614239058274,8.521331109376426,7.223869956693945,5.994132749300899,4.86334985030391,3.850887129739182,2.9661233306007277,2.211180004940512,1.5838375062874501,1.080197303919503],"mass_rate":[42.3652236978391,40.9548718531191,39.43639959512786,37.78981524908212,35.99946607010317,34.0638145752584,31.997558866729534,29.832946077670968,27.61025057460483,25.367399752895466,23.133643853972824,20.93061224121726,18.77466539994453,16.681364246427908,14.674330404463051],"eta":[0.38045979501269234,0.3753218133189624,0.36799013191691876,0.35815399224666244,0.34551784987016604,0.32991424269473585,0.31138102182538097,0.29019805524280307,0.26682247956995614,0.24177658322390597,0.215529875889536,0.1884802309191044,0.1609932864997002,0.13345309750775045,0.10642914827477272],"pi_lpc":[5.7009549197804334,5.5789367109897325,5.43958251592655,5.279294386455132,5.09496236914566,4.885270811470651,4.651249131888567,4.396558295926025,4.1263226553698935,3.845692920930476,3.5588933502471,3.2693197418791957,2.979764238438391,2.693058131451649,2.4133309115741124],"pi_hpc":[5.700836398843228,5.590139918352963,5.479619757086568,5.369387816248159,5.2594929394531995,5.150042571093533,5.041081836654486,4.932665963792277,4.8247817843168015,4.717289374512917,4.609861592536064,4.50190873978756,4.3925817457653755,4.280707672563378,4.164976514511728],"pi_ft":[5.393806408811634,5.173734490759767,4.943697173968144,4.7036250429597875,4.454089033706567,4.197162328399467,3.936202064887512,3.675553432010925,3.4192902547479256,3.1702702213050267,2.929858032650183,2.6983599428985605,2.475463345205813,2.2607753501844265,2.0547281025061843],"g_norm_hpt":[0.9999999999999999,1.0000000000051699,1.0000000000428484,1.0000000001463343,1.000000000351959,1.0000000007020855,1.0000000012417356,1.0000000020008495,1.0000000029375085,1.0000000038135375,1.0000000040562218,1.0000000029162255,1.0000000007520755,0.9999999999944036,0.9999999908093292],"g_norm_lpt":[1,1.0000000000077909,1.0000000000103977,0.9999999999497391,0.9999999907663519,0.9999998266397306,0.9999985133124748,0.9999918621224982,0.9999672334267327,0.9998948592285021,0.9997164118294783,0.9993325911106749,0.998591846146033,0.9972842143644056,0.9951534800654285],"g_norm_ft":[1.000006384972284,0.9999928386704059,0.9997965466833013,0.9989976065884331,0.9970775651353218,0.9934468508331405,0.9875147877573689,0.9787945153162537,0.9669741841596587,0.9519145074768861,0.9335881287889465,0.9120250249496998,0.8872749790937416,0.8594180444938302,0.8286908172050533],"rpm_hpt":[5999.979773723642,5966.451205233006,5932.410584476314,5897.8899854380925,5862.888390376477,5827.433521970601,5791.522565655389,5755.155626999521,5718.295518780386,5680.835050723367,5642.554938628677,5603.070168813292,5561.817981836057,5517.995339408779,5470.64284601496],"rpm_lpt":[6000.016125193002,5910.257972923944,5815.211751677769,5714.265455562762,5607.214145254965,5494.627656829535,5377.571294924166,5257.234540304787,5134.113876401329,5007.428492957082,4874.871499422303,4732.684437263742,4575.488491662316,4395.979512079466,4184.791487809713],"rpm_ft":[3009.2091421864607,2940.0099509363845,2862.406079104934,2775.1036981581597,2676.9023430579723,2567.1659666850774,2446.0457768942415,2314.6718482907536,2174.766047483894,2028.088082130273,1876.0024689818595,1719.4180172027357,1558.8303775465497,1394.5502391327504,1227.3609556917008]}