{"pi":[12,12.5,13,13.5,14,14.5,15,15.5,16,16.5,17,17.5,18,18.5,19,19.5,20,20.5,21,21.5,22,22.5,23,23.5,24,24.5,25,25.5,26,26.5],"pi_factor":[0.5,0.5,0.5,0.5,0.5,0.5,0.5,0.5,0.5,0.5,0.5,0.5,0.5,0.5,0.5,0.5,0.5,0.5,0.5,0.5,0.5,0.5,0.5,0.5,0.5,0.5,0.5,0.5,0.5,0.5],"mass_rate":[30.5877474420524,30.337255086819596,30.106974153509142,29.896208186378725,29.702055446335958,29.522732415152177,29.35672200025144,29.202712898266597,29.0595216950633,28.926194590806325,28.801805863048912,28.685585264976577,28.576857786349642,28.475005711830228,28.379468421210493,28.289737188688743,28.205434339978186,28.126089125815124,28.05137664557223,27.980976064493397,27.914573016999423,27.851906101226056,27.79275189733293,27.73685275986473,27.683976199704226,27.633968108185474,27.586661226260418,27.541882920250202,27.49948163613053,27.459315523681152],"specific_power":[523085.26576896635,527404.3401161697,531438.3278246216,535184.9271403556,538683.2580966634,541955.2558688029,545019.9787245647,547894.3020033499,550594.0589076563,553131.8663356194,555520.7224185583,557771.4330108183,559893.6076044984,561896.2876398173,563787.8681350417,565576.1272465046,567266.5702340102,568866.8598192926,570381.9888114304,571817.0789725696,573177.3145967992,574466.9661691725,575689.6639492329,576849.8732903117,577951.6599992939,578997.5561005526,579990.447875193,580933.4113549652,581829.1490621483,582680.2196216967],"efficiency":[0.4410898849951094,0.4458215205915422,0.45029806592976523,0.4545172184838605,0.45851199291155004,0.46230069430575116,0.4658997293016165,0.46932319035216663,0.47258476172144587,0.4756953712378756,0.47866620685137323,0.481506393625209,0.48422468585018086,0.48682871496638613,0.4893258594052621,0.49172303700087794,0.49402512659729125,0.49623894179949835,0.4983688913240615,0.5004195550619019,0.5023955519273778,0.5043009569417873,0.5061389367992617,0.5079134712617225,0.5096282911675797,0.5112857395143974,0.5128885342306336,0.5144395886105853,0.5159413448337398,0.5173960259593877],"pi_low":[3.4641016151377544,3.5355339059327378,3.605551275463989,3.6742346141747673,3.7416573867739413,3.8078865529319543,3.872983346207417,3.9370039370059056,4,4.06201920231798,4.123105625617661,4.183300132670378,4.242640687119285,4.301162633521313,4.358898943540674,4.415880433163924,4.47213595499958,4.527692569068709,4.58257569495584,4.636809247747852,4.69041575982343,4.743416490252569,4.795831523312719,4.847679857416329,4.898979485566356,4.949747468305833,5,5.049752469181039,5.0990195135927845,5.1478150704935],"pi_high":[3.4641016151377544,3.5355339059327378,3.605551275463989,3.6742346141747673,3.7416573867739413,3.8078865529319543,3.872983346207417,3.9370039370059056,4,4.06201920231798,4.123105625617661,4.183300132670378,4.242640687119285,4.301162633521313,4.358898943540674,4.415880433163924,4.47213595499958,4.527692569068709,4.58257569495584,4.636809247747852,4.69041575982343,4.743416490252569,4.795831523312719,4.847679857416329,4.898979485566356,4.949747468305833,5,5.049752469181039,5.0990195135927845,5.1478150704935],"pi_t_low":[1.3833582693550932,1.39346167302463,1.4033517360891599,1.4130419900121942,1.422545336452371,1.4318727816664945,1.4410338482377305,1.450039175098072,1.4588956331723664,1.4676125173143546,1.476195541020363,1.4846527075104459,1.4929892848232185,1.5012122910883392,1.5093260373776018,1.5173349722505531,1.5252453037574678,1.5330589696283194,1.5407816862912487,1.5484164874739512,1.555966529388209,1.563435098938781,1.570826418018341,1.5781423080510861,1.585384684525782,1.5925571580252986,1.599662147832317,1.6067011480187923,1.6136759162849665,1.6205897554813984],"pi_t_high":[1.3960865225660528,1.4057889401796462,1.4152508204223493,1.424487462267916,1.4335132367462273,1.4423400899892909,1.4509806167122654,1.459444473090989,1.46774123273484,1.475881300994479,1.4838716767559677,1.4917192341083234,1.499432097021367,1.50701612199696,1.5144764172835186,1.521818609204098,1.5290488209725202,1.5361712722366039,1.543189398730015,1.5501081663730318,1.5569313351575946,1.5636624673379258,1.570306052871342,1.5768641231014322,1.5833388322278033,1.5897344115879832,1.5960537257897394,1.6022989618722796,1.608472617781319,1.6145768437260561],"labour_hpc":[137900.62440081098,140632.5389340766,143273.7209407877,145830.4505012442,148308.5176138737,150712.84586114078,153048.3569864053,155319.02236295518,157528.6556026257,159681.1674621506,161779.4532152604,163826.28987544816,165824.68575857213,167776.9879603669,169685.27992760992,171551.7173729782,173378.5257763668,175167.3911048771,176919.7593051743,178637.41981372755,180321.8196935794,181974.31734793933,183596.47062915022,185189.20054601377,186753.4354089938,188290.58482795497,189801.69409950613,191287.62627481832,192749.30077188511,194187.53603737883],"labour_lpc":[123881.89302049976,126323.63816449986,128684.16868299402,130969.12093392471,133183.71287514086,135332.49290353752,137419.40757140957,139448.57034301417,141422.99083210234,143346.11399761125,145220.46257735323,147049.0033353357,148833.9037864876,150577.7174917915,152282.28328090467,153949.39198219148,155581.16034226166,157178.7009234211,158743.95915527054,160278.18005860716,161782.6129016881,163258.4952293785,164707.21587837383,166129.659547262,167526.70102042294,168899.49027596024,170248.92709327993,171575.70683378636,172880.54960012395,174164.49315511016],"labour_lpt":[125133.22527323208,127599.63450959582,129984.00877070102,132292.0413473987,134529.00290418268,136699.48778135102,138807.4823953632,140857.14176062038,142851.50589101246,144794.05454304165,146687.33593672042,148534.3468033694,150337.27655200765,152098.70453716314,153820.48816252997,155504.43634564796,157152.6872144057,158766.36456911222,160347.43349017226,161897.15157435066,163416.78070877586,164907.57093876615,166370.92512967053,167807.73691642628,169218.88991961913,170605.54573329317,171968.6132255353,173308.7947816024,174626.817777903,175923.73045970724],"labour_hpt":[139293.56000081918,142053.06963038043,144720.9302432199,147303.48535479212,149806.58344835727,152235.19783953615,154594.299986268,156887.9013767224,159119.85414406634,161294.10854762688,163413.58910632363,165481.10088429108,167499.6825844163,169471.70501047163,171399.27265415143,173284.56300300828,175129.8240165321,176936.75869179505,178706.82758098413,180441.8381956844,182143.25221573678,183812.44176559531,185450.98043348506,187059.79853132705,188639.83374645837,190192.50992722725,191718.88292879408,193219.8245200185,194696.26340594457,196149.02630038265],"labour_ft":[523085.26576896635,527404.3401161697,531438.3278246216,535184.9271403556,538683.2580966634,541955.2558688029,545019.9787245647,547894.3020033499,550594.0589076563,553131.8663356194,555520.7224185583,557771.4330108183,559893.6076044984,561896.2876398173,563787.8681350417,565576.1272465046,567266.5702340102,568866.8598192926,570381.9888114304,571817.0789725696,573177.3145967992,574466.9661691725,575689.6639492329,576849.8732903117,577951.6599992939,578997.5561005526,579990.447875193,580933.4113549652,581829.1490621483,582680.2196216967],"heat":[1185892.6798440777,1182994.3503318965,1180192.3393282176,1177479.98398296,1174850.9666585296,1172300.32864794,1169822.4842103887,1167413.657083993,1165069.4298776211,1162785.89151758,1160559.7271483352,1158388.4251492866,1156268.203512717,1154197.093075363,1152172.641806183,1150192.4552814777,1148254.4909024888,1146356.748538165,1144497.577479295,1142675.3275096049,1140888.513837107,1139135.1895362053,1137414.2989073284,1135724.6970775204,1134065.1019887112,1132434.3930469598,1130831.377904005,1129254.8711578916,1127704.0595566938,1126178.3824899988]}