{"pi":[12,12.5,13,13.5,14,14.5,15,15.5,16,16.5,17,17.5,18,18.5,19,19.5,20,20.5,21,21.5,22,22.5,23,23.5,24,24.5,25,25.5,26,26.5],"pi_factor":[0.5,0.5,0.5,0.5,0.5,0.5,0.5,0.5,0.5,0.5,0.5,0.5,0.5,0.5,0.5,0.5,0.5,0.5,0.5,0.5,0.5,0.5,0.5,0.5,0.5,0.5,0.5,0.5,0.5,0.5],"mass_rate":[42.65616481274093,42.37155154786155,42.116928057056164,41.88876785883158,41.68404395741145,41.50015038719133,41.323471834384925,41.174435008924114,41.04046147699936,40.92006993635464,40.81210051350443,40.71533016502758,40.62877656283883,40.55162944720941,40.48308393225512,40.422415137097545,40.369076425570505,40.32249530372039,40.28213962423772,40.247649677538384,40.21863420008654,40.19460796782452,40.17527639038552,40.16035509516268,40.14960582647455,40.14265222356129,40.13934995426428,40.13947997659577,40.14282095244691,40.14920676047092],"specific_power":[375092.3241749332,377611.8507703668,379894.75344271696,381963.96833445306,383839.91765163635,385540.7715567764,387189.1515825282,388590.6387430009,389859.1639610829,391006.17435125913,392040.59087097744,392972.3751508024,393809.544701733,394558.7444477167,395226.8069985625,395819.99110478803,396342.9787525511,396800.83981617447,397198.36506332987,397538.7414716384,397825.54326436005,398063.342546042,398254.88304117834,398402.85181958467,398509.51636117033,398578.54709980957,398611.3382062932,398610.0469993423,398576.8717886957,398513.4773759185],"efficiency":[0.32662228756072376,0.32990390498367583,0.33296462603788796,0.3358242035344623,0.3384998821775064,0.3410073731499193,0.34342231548407776,0.3456359373171574,0.3477181672803008,0.3496790914481328,0.35152679590865366,0.35326988507779195,0.3549156500650499,0.3564702561443465,0.35793965058695315,0.3593297235767518,0.3606447886655642,0.36188941336559,0.3630684075461859,0.36418450672106867,0.36524121174405555,0.3662426872376567,0.3671916687157655,0.3680907532457331,0.36894223358804207,0.36974962748895,0.3705142402296116,0.37123812747904367,0.37192358398134234,0.37257230803380303],"pi_low":[3.4641016151377544,3.5355339059327378,3.605551275463989,3.6742346141747673,3.7416573867739413,3.8078865529319543,3.872983346207417,3.9370039370059056,4,4.06201920231798,4.123105625617661,4.183300132670378,4.242640687119285,4.301162633521313,4.358898943540674,4.415880433163924,4.47213595499958,4.527692569068709,4.58257569495584,4.636809247747852,4.69041575982343,4.743416490252569,4.795831523312719,4.847679857416329,4.898979485566356,4.949747468305833,5,5.049752469181039,5.0990195135927845,5.1478150704935],"pi_high":[3.4641016151377544,3.5355339059327378,3.605551275463989,3.6742346141747673,3.7416573867739413,3.8078865529319543,3.872983346207417,3.9370039370059056,4,4.06201920231798,4.123105625617661,4.183300132670378,4.242640687119285,4.301162633521313,4.358898943540674,4.415880433163924,4.47213595499958,4.527692569068709,4.58257569495584,4.636809247747852,4.69041575982343,4.743416490252569,4.795831523312719,4.847679857416329,4.898979485566356,4.949747468305833,5,5.049752469181039,5.0990195135927845,5.1478150704935],"pi_t_low":[1.5853565993915775,1.6031006362751832,1.6205953741792443,1.6378583712525885,1.6549066663530216,1.6717520096516176,1.6883446506901714,1.704817561520731,1.7211239209002844,1.7372698059443163,1.7532678568116093,1.769123447552839,1.78484453102317,1.8004409850336225,1.8159165602502518,1.8312770296586967,1.8465321627748652,1.8616842958036148,1.8767394034255271,1.8917034520482972,1.9065811318252608,1.9213742853430447,1.9360871210967703,1.9507255353580726,1.9652931592251204,1.9797902803913972,1.99422116373864,2.008589489594853,2.0228997609086865,2.037152921112059],"pi_t_high":[1.6252360390102458,1.6427197307494497,1.6598744303893587,1.676722489801703,1.693281054985195,1.7095678141084767,1.7250630742645074,1.7408160816063964,1.7563376881148312,1.7716412536443467,1.7867389237461755,1.8016381555749692,1.8163474523133756,1.8308752433424156,1.8452315244762394,1.8594211892640298,1.8734514851182549,1.8873313869365234,1.9010615632814294,1.9146545526964323,1.9281137990098305,1.9414421452921742,1.9546448245652188,1.9677270930588513,1.980694889929342,1.9935477138974298,2.006294206882701,2.0189375904952276,2.0314777257905146,2.043920799006389],"labour_hpc":[173243.42493968926,176812.23644812705,180267.3637496646,183616.9135859254,186867.55984595974,190025.74670844307,192995.21679896867,195979.5957408837,198886.8086736276,201721.4447518623,204487.6638681069,207188.60373892228,209827.45448531987,212407.25752889414,214931.2210876365,217401.52212975608,219820.67065718485,222191.37367489675,224514.8268332275,226794.18285427504,229030.96948263788,231226.55720875683,233382.66512186482,235500.9534729703,237583.13960754863,239629.85509241567,241643.1672299934,243624.22447804286,245573.60435299078,247492.8594028036],"labour_lpc":[148773.87605126871,151799.30969594698,154727.4892999599,157565.14703068946,160318.57352337937,162992.73190765176,165593.04654110176,168123.2573132205,170587.86924095388,172989.9161991715,175333.36620471295,177620.89532174822,179855.43091033003,182040.06228318566,184176.72278936402,186267.67421421627,188315.63401717643,190322.03654805894,192288.94839229056,194218.11449563125,196111.1926634308,197969.3776060121,199794.0943226557,201586.94971867625,203349.1457754871,205081.51215436336,206785.20696056457,208461.36832619028,210111.26632076607,211735.52730328753],"labour_lpt":[150276.642476029,153332.6360565121,156290.39323228275,159156.7141724136,161937.95305391855,164639.12313904217,167265.70357687047,169821.47203355606,172310.97903126656,174737.28909007224,177104.41030779085,179415.04577954367,181672.1524346768,183878.85079109663,186037.09372663032,188149.16587294574,190217.81213856206,192244.4813616757,194231.2610023137,196179.91363195077,198092.11380144523,199969.06828890112,201812.216487531,203623.18153401642,205403.17755099706,207153.042580165,208873.9464248127,210567.0387133235,212233.60234420814,213874.27000332074],"labour_hpt":[174993.35852493864,178598.21863447176,182088.24621178242,185471.6298847731,188755.1109555149,191945.19869539703,194944.66343330167,197959.18761705424,200895.76633699756,203759.0351028912,206553.19582637062,209281.4179181033,211946.92372254533,214552.78538272137,217102.24352286517,219597.49710076372,222041.0814719039,224435.73098474418,226782.65336689647,229085.03318613642,231344.41361882613,233562.17899874426,235740.06577966144,237879.75098279826,239982.96930055416,242050.35867920774,244084.00730302365,246085.07523034632,248054.1458111018,249992.78727555918],"labour_ft":[375092.3241749332,377611.8507703668,379894.75344271696,381963.96833445306,383839.91765163635,385540.7715567764,387189.1515825282,388590.6387430009,389859.1639610829,391006.17435125913,392040.59087097744,392972.3751508024,393809.544701733,394558.7444477167,395226.8069985625,395819.99110478803,396342.9787525511,396800.83981617447,397198.36506332987,397538.7414716384,397825.54326436005,398063.342546042,398254.88304117834,398402.85181958467,398509.51636117033,398578.54709980957,398611.3382062932,398610.0469993423,398576.8717886957,398513.4773759185],"heat":[1148397.8236028922,1144611.6431663688,1140946.2859862142,1137392.6129039591,1133944.0214350033,1130593.652552136,1127443.1920265811,1124277.3010215892,1121192.9678865804,1118185.7420527423,1115250.9436943508,1112385.7191061382,1109586.304885554,1106848.9941218179,1104171.6287940312,1101550.929783414,1098984.3502773882,1096469.8749430287,1094004.2063913322,1091586.0892899432,1089213.1842535287,1086884.0700913074,1084596.7296427365,1082349.5246934812,1080140.6835037023,1077968.7590401187,1075832.7074264933,1073731.4340694807,1071663.3441795679,1069627.2073440354]}