{"pi":[18,18.5,19,19.5,20,20.5,21,21.5,22,22.5,23,23.5,24,24.5,25,25.5,26,26.5,27,27.5,28,28.5,29,29.5,30,30.5,31,31.5,32,32.5],"pi_factor":[0.5,0.5,0.5,0.5,0.5,0.5,0.5,0.5,0.5,0.5,0.5,0.5,0.5,0.5,0.5,0.5,0.5,0.5,0.5,0.5,0.5,0.5,0.5,0.5,0.5,0.5,0.5,0.5,0.5,0.5],"mass_rate":[42.17701751618973,42.11301841788203,42.05771223642043,42.010435537554855,41.97060687008216,41.937741769992606,41.91126431126851,41.89071281469684,41.87573094595858,41.86592944594591,41.849192457429446,41.84826197990702,41.851601138953654,41.858879443272166,41.86986879384451,41.88435712352941,41.90213923264309,41.923048008328294,41.946911449652866,41.97355921105589,42.00287693534449,42.03460967455425,42.068693376705625,42.10511983017361,42.143687591630574,42.18423490264622,42.226687796672834,42.27104146674445,42.31717304658981,42.36495966326584],"specific_power":[379353.5186279677,379930.02166774345,380429.6322647952,380857.7510627554,381219.1720154815,381517.9197714541,381758.9438765307,381946.2340203148,382082.88281936623,382172.3346822618,382325.17906470463,382333.6798952898,382303.17513725645,382236.7013355783,382136.3778037976,382004.19199013244,381842.07997513155,381651.6393755886,381434.5191827564,381192.3577780742,380926.2880880513,380638.7194713417,380330.32917679247,380001.29353708646,379653.535662064,379288.6142637215,378907.29381954245,378509.71835145226,378097.0903322046,377670.60625513614],"efficiency":[0.3556657913812648,0.35716086060047003,0.35857026549305065,0.3598992540946847,0.36115261031534995,0.3623342575855936,0.36344890356417026,0.36450053416935757,0.3654924905994239,0.366427998006734,0.36741350734838935,0.3682495252021796,0.36903716238132284,0.3697798352530353,0.37047969628578803,0.3711385273306139,0.37175846356418524,0.37234138187372595,0.3728888492882485,0.37340253927152206,0.3738837403925879,0.3743350148985545,0.37475712269818584,0.37515022233562817,0.37551643701231036,0.3758574473512645,0.3761740764926659,0.37646657123358307,0.3767363833330091,0.3769849132755097],"pi_low":[4.242640687119285,4.301162633521313,4.358898943540674,4.415880433163924,4.47213595499958,4.527692569068709,4.58257569495584,4.636809247747852,4.69041575982343,4.743416490252569,4.795831523312719,4.847679857416329,4.898979485566356,4.949747468305833,5,5.049752469181039,5.0990195135927845,5.1478150704935,5.196152422706632,5.244044240850758,5.291502622129181,5.338539126015656,5.385164807134504,5.431390245600108,5.477225575051661,5.522680508593631,5.5677643628300215,5.612486080160912,5.656854249492381,5.70087712549569],"pi_high":[4.242640687119285,4.301162633521313,4.358898943540674,4.415880433163924,4.47213595499958,4.527692569068709,4.58257569495584,4.636809247747852,4.69041575982343,4.743416490252569,4.795831523312719,4.847679857416329,4.898979485566356,4.949747468305833,5,5.049752469181039,5.0990195135927845,5.1478150704935,5.196152422706632,5.244044240850758,5.291502622129181,5.338539126015656,5.385164807134504,5.431390245600108,5.477225575051661,5.522680508593631,5.5677643628300215,5.612486080160912,5.656854249492381,5.70087712549569],"pi_t_low":[1.8030876741227124,1.8193362101640616,1.8354689210114246,1.8514939205869136,1.8674168548698693,1.8832450498854612,1.8989805633036254,1.9146283222037774,1.9301964974372054,1.9456864436008918,1.9603603021090195,1.9756707804236195,1.990915301405907,2.0060965515008644,2.021215360401865,2.0362765183108316,2.051282719009428,2.066237218685439,2.0811421551001468,2.0960009109743365,2.1108147168084654,2.125582761655703,2.1403097242644686,2.155003111789175,2.1696594744636934,2.1842781889012044,2.1988636488711397,2.213418665757305,2.2279445555357755,2.242440637802803],"pi_t_high":[1.8770590658881052,1.8928557395611143,1.9084690140239151,1.9239060477743442,1.9391773515693904,1.9542922087619068,1.969254739457556,1.984071176482205,1.9987468476697852,2.013289424655031,2.027700923310775,2.0419866911347553,2.0561533244120986,2.0702018192921736,2.084138582307375,2.0979665658814315,2.1116888032226506,2.1253102752743533,2.1388338765590866,2.152261899169245,2.165599898119408,2.178845861242902,2.1920040297931265,2.205079892610567,2.2180743557515976,2.2309874230542177,2.243821209702007,2.256582210352772,2.269270267005071,2.2818866693352304],"labour_hpc":[220191.8605524043,222878.66150300522,225506.45242006474,228077.8934876811,230596.08997637985,233063.83198604384,235482.96239002998,237855.59422263253,240183.6120890327,242469.2167251837,244713.6372411127,246918.5862730435,249085.90205685754,251216.49505772255,253312.0854082258,255373.81504113367,257402.79367824693,259400.38456826852,261367.61114512625,263305.3702605683,265215.00616245886,267096.74282675365,268951.67790918454,270781.0652023807,272585.47214423865,274365.3276683149,276121.3390475758,277854.79814518656,279566.05117918004,281255.6296341958],"labour_lpc":[185362.8730141651,187627.834182063,189843.4119348759,192012.26856349324,194136.46782099982,196218.26426329548,198259.11685412732,200260.80247642705,202225.50891075682,204154.29913824066,205942.347212289,207799.9238871874,209625.8719016698,211421.3148278443,213187.00024739886,214924.26369151066,216634.10757310005,218317.5164902193,219975.3407824408,221608.57344328013,223217.81441674262,224803.56974886073,226366.8564673368,227909.00682563116,229430.01345324048,230930.28590721815,232410.7284316182,233871.9769516777,235314.58666267534,236738.80574726773],"labour_lpt":[187235.2252668334,189523.06483036667,191761.0221564403,193951.78642777095,196097.44224343417,198200.2669326217,200261.73419608822,202283.63886507784,204268.19081894628,206216.46377600066,208022.57294170605,209898.91301736102,211743.3049511816,213556.8836644892,215340.40429030187,217095.21585001078,218822.33088191925,220522.74392951446,222197.31392165736,223847.04388210113,225472.53981489153,227074.3128776371,228653.39037104728,230211.11800568804,231747.48833660653,233262.9150577961,234758.31154708908,236234.3201532098,237691.50167947004,239130.10681542195],"labour_hpt":[222416.02076000435,225129.9611141467,227784.29537380277,230381.7105936173,232925.3434104847,235418.01210711498,237861.57817174745,240258.1759824571,242609.7091808411,244918.4007325088,247185.49216274012,249412.71340711464,251601.92126955307,253754.03541184097,255870.79334164222,257953.34852639763,260002.82189721914,262020.5904729985,264007.6880253801,265965.0204652205,267893.9456186453,269794.6897239936,271668.3615244288,273516.22747715225,275338.86075175623,277136.6946144595,278910.4434823998,280661.4122678652,282389.95068604045,284096.5955900968],"labour_ft":[379353.5186279677,379930.02166774345,380429.6322647952,380857.7510627554,381219.1720154815,381517.9197714541,381758.9438765307,381946.2340203148,382082.88281936623,382172.3346822618,382325.17906470463,382333.6798952898,382303.17513725645,382236.7013355783,382136.3778037976,382004.19199013244,381842.07997513155,381651.6393755886,381434.5191827564,381192.3577780742,380926.2880880513,380638.7194713417,380330.32917679247,380001.29353708646,379653.535662064,379288.6142637215,378907.29381954245,378509.71835145226,378097.0903322046,377670.60625513614],"heat":[1066601.083997168,1063750.437349135,1060962.5751920252,1058234.3439993816,1055562.5547953534,1052944.6547883449,1050378.581783581,1047861.9321936342,1045391.8825876103,1042967.0679128576,1040585.5294323072,1038246.2263471424,1035947.6337568029,1033687.2508854327,1031463.7526290175,1029276.5742690985,1027124.1071804283,1025004.6273530244,1022917.472353543,1020861.7180851246,1018836.1967494722,1016839.740665178,1014871.5158193138,1012931.0097999043,1011017.0907102476,1009128.9049522288,1007265.8311608293,1005427.1674405893,1003611.8279502428,1001818.8870574916]}