{"pi":[19,19,19,19,19,19,19,19,19,19,19,19,19,19,19,19,19,19,19,19,19],"pi_factor":[0.529,0.529,0.529,0.529,0.529,0.529,0.529,0.529,0.529,0.529,0.529,0.529,0.529,0.529,0.529,0.529,0.529,0.529,0.529,0.529,0.529],"mass_rate":[71.96113184815823,74.26033321132279,76.72163783907381,79.36312983112387,82.20595946906343,85.27445369565736,88.59706298758185,72.37353293315209,74.75046068093613,77.29971593306696,80.04113472875085,82.99788406625221,86.19686418957183,89.66958458613165,73.78963094041546,76.44008361857144,79.30124924940324,82.39965845400309,85.76669717904201,89.43951424139358,93.46259803494038],"specific_power":[222342.25044932368,215458.23063396127,208546.121415715,201604.95224982008,194633.09112061735,187629.46353316607,180592.89394550957,221075.29301876723,214045.5035895255,206986.5303755351,199897.21602800797,192775.99881014033,185621.6017883362,178432.8551743349,216832.6334755607,209314.26605756267,201762.26921318524,194175.56213453817,186552.59589394293,178891.84814685662,171191.47484021902],"efficiency":[0.2987613057829234,0.2927280392586685,0.2865206018039377,0.2801317071935952,0.2735528045199179,0.26677573785388237,0.2597918220969035,0.2970588949475582,0.2908086657610371,0.28437788651215046,0.27775879393966,0.27094269949174193,0.2639209154374078,0.2566844993451415,0.29135803286417444,0.28438066399975187,0.2772002970079391,0.26980850970674874,0.262195834754706,0.25435240226536426,0.24626741509339745],"pi_low":[4.747452792399054,4.747452792399054,4.747452792399054,4.747452792399054,4.747452792399054,4.747452792399054,4.747452792399054,4.747452792399054,4.747452792399054,4.747452792399054,4.747452792399054,4.747452792399054,4.747452792399054,4.747452792399054,4.747452792399054,4.747452792399054,4.747452792399054,4.747452792399054,4.747452792399054,4.747452792399054,4.747452792399054],"pi_high":[4.002146167818687,4.002146167818687,4.002146167818687,4.002146167818687,4.002146167818687,4.002146167818687,4.002146167818687,4.002146167818687,4.002146167818687,4.002146167818687,4.002146167818687,4.002146167818687,4.002146167818687,4.002146167818687,4.002146167818687,4.002146167818687,4.002146167818687,4.002146167818687,4.002146167818687,4.002146167818687,4.002146167818687],"pi_t_low":[2.1397562980516587,2.1579766312355986,2.1767999321453146,2.1962559785516507,2.216380351075444,2.237207911908325,2.258774917333517,2.153666629179469,2.173728071350199,2.194463376822859,2.2159067612714773,2.2380970827737157,2.261074831020804,2.284880815858502,2.200724209427896,2.2270871507758545,2.254385936277593,2.2826689394105433,2.3119895766803773,2.3424060558050246,2.3739810324326265],"pi_t_high":[2.7975008947457414,2.834172458409591,2.8722912645183647,2.911941378449699,2.9532137460494146,2.9962053351786158,3.0410222613484468,2.7975008947457414,2.834172458409591,2.8722912645183647,2.911941378449699,2.9532137460494146,2.9962053351786158,3.0410222613484468,2.7975008947457414,2.834172458409591,2.8722912645183647,2.911941378449699,2.9532137460494146,2.9962053351786158,3.0410222613484468],"labour_hpc":[312647.68854716065,312647.68854716065,312647.68854716065,312647.68854716065,312647.68854716065,312647.68854716065,312647.68854716065,312647.68854716065,312647.68854716065,312647.68854716065,312647.68854716065,312647.68854716065,312647.68854716065,312647.68854716065,312647.68854716065,312647.68854716065,312647.68854716065,312647.68854716065,312647.68854716065,312647.68854716065,312647.68854716065],"labour_lpc":[204300.62960936458,204300.62960936458,204300.62960936458,204300.62960936458,204300.62960936458,204300.62960936458,204300.62960936458,204300.62960936458,204300.62960936458,204300.62960936458,204300.62960936458,204300.62960936458,204300.62960936458,204300.62960936458,204300.62960936458,204300.62960936458,204300.62960936458,204300.62960936458,204300.62960936458,204300.62960936458,204300.62960936458],"labour_lpt":[206470.28388504527,206482.0629464179,206493.84200779055,206505.62106916317,206517.40013053583,206529.17919190845,206540.95825328107,208365.43817385045,208587.7899339792,208810.14169410797,209032.49345423674,209254.84521436552,209477.1969744943,209699.54873462307,214704.05540393727,215630.697967409,216557.34053088076,217483.9830943525,218410.62565782428,219337.26822129602,220263.91078476777],"labour_hpt":[315805.746007233,315805.746007233,315805.746007233,315805.746007233,315805.746007233,315805.746007233,315805.746007233,315805.746007233,315805.746007233,315805.746007233,315805.746007233,315805.746007233,315805.746007233,315805.746007233,315805.746007233,315805.746007233,315805.746007233,315805.746007233,315805.746007233,315805.746007233,315805.746007233],"labour_ft":[222342.25044932368,215458.2306339613,208546.12141571497,201604.95224982008,194633.09112061732,187629.46353316607,180592.8939455096,221075.29301876723,214045.50358952553,206986.5303755351,199897.21602800797,192775.9988101403,185621.6017883362,178432.85517433492,216832.63347556067,209314.2660575627,201762.26921318524,194175.56213453817,186552.5958939429,178891.84814685662,171191.47484021905],"heat":[744213.6787649302,736035.5064708102,727857.33417669,719679.1618825699,711500.9895884497,703322.8172943296,695144.6450002096,744213.6787649302,736035.5064708102,727857.33417669,719679.1618825699,711500.9895884497,703322.8172943296,695144.6450002096,744213.6787649302,736035.5064708102,727857.33417669,719679.1618825699,711500.9895884497,703322.8172943296,695144.6450002096],"sub_compressor_pi":[1.01,1.01,1.01,1.01,1.01,1.01,1.01,1.2,1.2,1.2,1.2,1.2,1.2,1.2,2,2,2,2,2,2,2],"split_factor":[0.09,0.09999999999999999,0.11,0.12,0.13,0.14,0.15,0.09,0.09999999999999999,0.11,0.12,0.13,0.14,0.15,0.09,0.09999999999999999,0.11,0.12,0.13,0.14,0.15],"sub_cooler_t":[350,350,350,350,350,350,350,350,350,350,350,350,350,350,350,350,350,350,350,350,350]}